,No,Trans,Form,W-ord,Ptcl,Tns,Mood,SenT,Pfv,S-anim,S-Numb,A-rform,A-rstat,A-sp,A-uniq,A-fam,O-anim,O-Numb,O-rform,O-rstat,O-sp,O-uniq,O-fam
mań mȯꞩ nē jaɣpı̮ɣentəl ɔ̄leı̮ɣ,0,,,,,,,,,,,,,,,,,,,,,,
(Moꞩ tuw) mȯꞩ nē jäɣpı̮ɣēntəl ɔ̄leı̮ɣ,1,0,A,AxV,NoPtcl,npst,ind,none,npfv,H,du,barenp,ref,sp,uniq,nfam,,,,,,,
 χɔsa ɔ̄lsı̮ɣ ,2,0,A,V,NoPtcl,pst,ind,none,npfv,H,du,zero,top,sp,uniq,strg,,,,,,,
wat'i ɔ̄lsı̮ɣ ,3,0,A,V,NoPtcl,pst,ind,none,npfv,H,du,zero,top,sp,uniq,strg,,,,,,,
mχ urən pal sāw sɔ̇mjaχ taɣintapti ,4,1,A,AxPV,NoPtcl,npst,ind,none,npfv,H,sg,barenp,act,sp,uniq,strg,I,pl,barenp,ref,nonsp,nuniq,nfam
wȯrəŋ pal sāw sɔ̇mjaχ taɣ͕əntapti,5,1,A,PV,NoPtcl,npst,ind,none,npfv,H,sg,zero,top,sp,uniq,strg,I,pl,barenp,ref,nonsp,nuniq,nfam
 ɔ̄limētēn lāwi: - ,6,0,A,V,NoPtcl,npst,ind,none,pfv,H,sg,zero,top,sp,uniq,strg,,,,,,,
"Nēɣ͕əŋ mā, tumiŋ mā kinsuŋkwe ēri",7,0,INF-A,AV,NoPtcl,npst,ind,none,npfv,,,,,,,,,,,,,,
" Ta minas, ",8,0,A,V,ta,pst,ind,none,pfv,H,sg,zero,top,sp,uniq,strg,,,,,,,
"χɔ̇sa mini, ",9,0,A,V,NoPtcl,npst,ind,none,npfv,H,sg,zero,top,sp,uniq,strg,,,,,,,
"wati mini, ",10,0,A,V,NoPtcl,npst,ind,none,npfv,H,sg,zero,top,sp,uniq,strg,,,,,,,
ūsm ɔ̄tər ɔ̄jke pāu̯ln χɔntχàtas,11,0,A,V,NoPtcl,pst,ind,none,pfv,H,sg,zero,top,sp,uniq,strg,,,,,,,
 ūsm ɔ̄tər ɔ̄jka ɔńꞩi χūru̮m āɣi,12,1,A,AVP,NoPtcl,npst,ind,none,npfv,H,sg,barenp,act,sp,uniq,strg,H,pl,barenp,ref,sp,uniq,w_brdg
 χajtalaste mań āɣi: ,13,1,AP,VP,NoPtcl,pst,ind,none,pfv,H,sg,zero,act,sp,uniq,strg,H,sg,barenp,uniq,sp,uniq,w_set
"J ꞩɔpitaχtasət, ",14,0,A,V,NoPtcl,pst,ind,none,pfv,H,pl,zero,act,sp,uniq,strg,,,,,,,
"pȯ̭r tēɣt, ",15,1,A,PV,NoPtcl,npst,ind,none,npfv,H,pl,zero,top,sp,uniq,strg,I,mass,barenp,ref,sp,nuniq,nfam
ajeɣt,16,X,A,V,NoPtcl,npst,ind,none,npfv,H,pl,zero,top,sp,uniq,strg,,,,,,,
" ꞩɔpilasət, ",17,X,A,V,NoPtcl,pst,ind,none,pfv,H,pl,zero,top,sp,uniq,strg,,,,,,,
"aku χɔ̄təl ɔ̄lsət,",18,0,A,V,NoPtcl,pst,ind,none,pfv,H,pl,zero,top,sp,uniq,strg,,,,,,,
" kit χɔ̄tɒl' ɔ̄lsət, ",19,0,A,V,NoPtcl,pst,ind,none,pfv,H,pl,zero,top,sp,uniq,strg,,,,,,,
Mȯꞩ χum lāwi:,20,0,A,AV,NoPtcl,npst,ind,none,pfv,H,sg,barenp,top,sp,uniq,strg,,,,,,,
 - am amki māŋ χum witəŋ χum,21,,,,NoPtcl,,,none,,,,,,,,,,,,,,,
 Juw-minu̮ŋkwe ēri,22,0,INF-A,AV,NoPtcl,npst,ind,none,npfv,,,,,,,,,,,,,,
 ūsm ɔ̄tər ɔ̄jka lāwi,23,0,A,AV,NoPtcl,npst,ind,none,pfv,H,sg,barenp,act,sp,uniq,strg,,,,,,,
 - Minuŋkwe naŋən χuńt rɔu̯s,24,0,INF-A,AxV,NoPtcl,pst,ind,none,pfv,,,,,,,,,,,,,,
" ꞩɔpitaχtası̮ɣ, ",25,0,A,V,NoPtcl,pst,ind,none,pfv,H,du,zero,act,sp,uniq,strg,,,,,,,
minmı̮ɣtası̮ɣ juu̯ ,26,0,A,V,NoPtcl,pst,ind,none,pfv,H,du,zero,top,sp,uniq,strg,,,,,,,
Juw joχtəsı̮ɣ mātēn,27,0,A,V,NoPtcl,pst,ind,none,pfv,H,du,zero,top,sp,uniq,strg,,,,,,,
" El-ɔ̄lmı̮ɣtası̮t, ",28,0,A,V,NoPtcl,pst,ind,none,pfv,H,du,zero,top,sp,uniq,strg,,,,,,,
el-χulmı̮ɣtasət,29,0,A,V,NoPtcl,pst,ind,none,pfv,H,du,zero,top,sp,uniq,strg,,,,,,,
" Jau̯ jāli mini wȯrəŋ mā, witəŋ ma",30,0,A,AV,NoPtcl,npst,ind,none,npfv,H,sg,pron,top,sp,uniq,strg,,,,,,,
 Jäɣāɣite tuwajti: lāwi,31,0,A,AV,NoPtcl,npst,ind,none,pfv,H,sg,possnp,fam,sp,uniq,strg,,,,,,,
" - Am mȯlal l'ul' wārsum, ",32,1,A,AxPV,NoPtcl,pst,ind,none,pfv,1,sg,pron,top,sp,uniq,strg,U,abst,barenp,typid,nonsp,nuniq,nfam
ań manurəl ɔ̄leɣu̮m,33,0,A,V,NoPtcl,fut,ind,quest,pfv,1,sg,zero,top,sp,uniq,strg,,,,,,,
" Akw χɔ̄tɒlı̮ɣ jēmtəs, ",34,0,A,V,NoPtcl,pst,ind,none,pfv,,,,,,,,,,,,,,
mańē nupəl lāwi - ,35,0,A,V,NoPtcl,npst,ind,none,pfv,H,sg,zero,act,sp,uniq,strg,,,,,,,
χȯttal' jālimēn,36,0,A,V,NoPtcl,fut,hort,none,Pfv,1,du,zero,act,sp,uniq,strg,,,,,,,
" - Mańe kāse at'im nūw kȯs ɔ̄ls minuŋkwe, ",37,,,,,,,,,,,,,,,,,,,,,,
"masχatsı̮ɣ, ",38,0,A,V,NoPtcl,pst,ind,none,pfv,H,du,zero,top,sp,uniq,strg,,,,,,,
āstəsı̮ɣ i ,39,0,A,V,NoPtcl,pst,ind,none,pfv,H,du,zero,top,sp,uniq,strg,,,,,,,
minmı̮ɣtası̮ɣ,40,0,A,V,NoPtcl,pst,ind,none,pfv,H,du,zero,top,sp,uniq,strg,,,,,,,
" χɔ̇sa minası̮ɣ, ",41,0,A,V,NoPtcl,pst,ind,none,npfv,H,du,zero,top,sp,uniq,strg,,,,,,,
"wat'i minası̮ɣ, ",42,0,A,V,NoPtcl,pst,ind,none,npfv,H,du,zero,top,sp,uniq,strg,,,,,,,
jān jȯχtəsı̮ɣ,43,0,A,V,NoPtcl,pst,ind,none,pfv,H,du,zero,top,sp,uniq,strg,,,,,,,
" ɔnipe lawi, - ",44,0,A,AV,NoPtcl,npst,ind,none,pfv,H,sg,possnp,act,sp,uniq,strg,,,,,,,
taχsimēn,45,0,A,V,NoPtcl,fut,hort,none,npfv,1,du,zero,act,sp,uniq,strg,,,,,,,
" Mańe lawi, ",46,0,A,AV,NoPtcl,npst,ind,none,pfv,H,sg,possnp,act,sp,uniq,strg,,,,,,,
"naŋ tāχu̮mten, ",47,0,A,AV,NoPtcl,fut,imp,none,Pfv,2,sg,pron,act,sp,uniq,strg,,,,,,,
ɔnipe lawi: - ,48,0,A,AV,NoPtcl,npst,ind,none,pfv,H,sg,possnp,act,sp,uniq,strg,,,,,,,
naŋ tāχu̮mten,49,0,A,AV,NoPtcl,fut,imp,none,Pfv,2,sg,pron,act,sp,uniq,strg,,,,,,,
 mańe tuχu̮mtas,50,0,A,AV,NoPtcl,pst,ind,none,pfv,H,sg,possnp,act,sp,uniq,strg,,,,,,,
" Jila jȯχtəs, ",51,0,A,V,NoPtcl,pst,ind,none,pfv,H,sg,zero,top,sp,uniq,strg,,,,,,,
raɣàtɒs,52,0,A,V,NoPtcl,pst,ind,none,pfv,H,sg,zero,top,sp,uniq,strg,,,,,,,
" Tau̯ juil taχu̮mtaste, ",53,1,AP,AV,NoPtcl,pst,ind,none,pfv,H,sg,pron,act,sp,uniq,strg,H,sg,zero,act,sp,uniq,strg
ań nē sis kȯt'il't tāra pēlwes,54,X,P,PxV,NoPtcl,pst,ind,none,pfv,,,,,,,,H,sg,barenp,top,sp,uniq,strg
" tau̥ alaste, tuwl",55,1,AP,AV,NoPtcl,pst,ind,none,pfv,H,sg,pron,act,sp,uniq,strg,H,sg,zero,top,sp,uniq,strg
" Ań am manər wāreɣu̮m, ",56,1,A,APV,NoPtcl,fut,ind,quest,pfv,1,sg,pron,act,sp,uniq,strg,U,abst,indefp,,,,
tumajti,57,0,A,V,NoPtcl,npst,ind,none,pfv,H,sg,zero,top,sp,uniq,strg,,,,,,,
" Anꞩw salaste xɔt, ",58,1,AP,V,NoPtcl,pst,ind,none,pfv,H,sg,zero,top,sp,uniq,strg,H,sg,zero,,,,
tau̯ ȱ̭lamane χɔt - aŋχw ɔs,59,1,A,PV,NoPtcl,pst,ind,none,pfv,H,sg,zero,top,sp,uniq,strg,I,pl,possnp,,,,
" Mańe ȱ̭lamt nɔŋχ - wasane, ",60,1,AP,PV,NoPtcl,pst,ind,none,pfv,H,sg,zero,top,sp,uniq,strg,I,pl,barenp,,,,
mańe wiste,61,1,AP,PV,NoPtcl,pst,ind,none,pfv,H,sg,zero,top,sp,uniq,strg,H,sg,possnp,top,sp,uniq,strg
" jān, jȯla tārataste",62,1,AP,V,NoPtcl,pst,ind,none,pfv,H,sg,zero,top,sp,uniq,strg,H,sg,zero,top,sp,uniq,strg
 tuu̯ ō̭lumane pintsane tuw̯,63,1,AP,PV,NoPtcl,pst,ind,none,pfv,H,sg,zero,top,sp,uniq,strg,I,pl,possnp,top,sp,uniq,strg
 Kēlpane ȱ̭lumanen tuu̯ mańiɣtasane,64,1,AP,PxV,NoPtcl,pst,ind,none,pfv,H,sg,zero,top,sp,uniq,strg,I,pl,possnp,top,sp,uniq,strg
 juu̯-minas,65,0,A,V,NoPtcl,pst,ind,none,pfv,H,sg,zero,top,sp,uniq,strg,,,,,,,
" Juw̯ - jɔ̇χtəs, ",66,0,A,V,NoPtcl,pst,ind,none,pfv,H,sg,zero,top,sp,uniq,strg,,,,,,,
mańe χasap sāiŋ pal tuw - ūntəs,67,0,A,V,NoPtcl,pst,ind,none,pfv,H,sg,zero,top,sp,uniq,strg,,,,,,,
 Nȯmsi pȯu̯kꞩi: - ,68,0,A,V,NoPtcl,npst,ind,none,pfv,H,sg,zero,top,sp,uniq,strg,,,,,,,
Am tuw jālum l'ɔ̄ŋχu̮m lap-wos wɔ̄tastawe,69,X,P,PV,NoPtcl,fut,opt,none,pfv,,,,,,,,I,sg,possnp,fam,sp,uniq,strg
" Tɔ̄ru̮m āꞩ wɔ̄t wārs, ",70,1,A,APV,NoPtcl,pst,ind,none,pfv,Hl,sg,barenp,uniq,sp,uniq,w_glob,If,abst,barenp,typid,nonsp,nuniq,nfam
tujt pāttəste,71,1,AP,PV,NoPtcl,pst,ind,none,pfv,Hl,sg,zero,top,sp,uniq,strg,If,mass,barenp,typid,nonsp,nuniq,nfam
 wası̮ɣ nēmatər at nāŋki,72,0,A,AV,NoPtcl,npst,ind,neg,npfv,U,abst,negp,undef,nonsp,nuniq,nfam,,,,,,,
 Lɔ̄ŋχ āt'in,73,,,,NoPtcl,,,neg,,,,,,,,,,,,,,,
 Jeɣ͕pı̮ɣe jȯχtəs juw,74,0,A,AV,NoPtcl,pst,ind,none,pfv,H,sg,possnp,fam,sp,uniq,strg,,,,,,,
 Jau̯ wil'te tujtı̮ɣlite,75,1,AP,APV,NoPtcl,npst,ind,none,npfv,H,sg,pron,act,sp,uniq,strg,I,sg,possnp,uniq,sp,uniq,w_brdg
 ēla ɔ̄leı̮ɣ,76,0,A,V,NoPtcl,npst,ind,none,npfv,H,du,zero,act,sp,uniq,strg,,,,,,,
" χɔ̇sa ɔ̄lsı̮ɣ, ",77,0,A,V,NoPtcl,pst,ind,none,npfv,H,du,zero,top,sp,uniq,strg,,,,,,,
wati ɔ̄lsı̮ɣ,78,0,A,V,NoPtcl,pst,ind,none,npfv,H,du,zero,top,sp,uniq,strg,,,,,,,
 ɔ̄limetēn  ńawram ɔꞩsı̮ɣ,79,1,A,PV,NoPtcl,pst,ind,none,pfv,H,du,zero,top,sp,uniq,strg,H,sg,barenp,typid,nonsp,nuniq,w_brdg
" ērı̮ɣ tȯtne χum mȯjt tȯtne χum jānı̮ɣwes, ",80,0,P,AV,NoPtcl,pst,ind,none,pfv,,,,,,,,H,sg,pron,uniq,sp,uniq,nfam
kȯn jȯnɣasan jānitı̮ɣ jēmtəs,81,0,A,V,NoPtcl,pst,ind,none,pfv,H,sg,zero,act,sp,uniq,strg,,,,,,,
 UƆƆ ńawramətən jonɣeɣt,82,0,A,V,NoPtcl,npst,ind,none,npfv,H,pl,zero,uniq,sp,uniq,w_brdg,,,,,,,
 Jau̯ ꞩaralaχti,83,0,A,AV,NoPtcl,npst,ind,none,unkn,H,sg,pron,act,sp,uniq,strg,,,,,,,
 āꞩe χuntali ,84,0,A,AV,NoPtcl,npst,ind,none,npfv,H,sg,possnp,fam,sp,uniq,strg,,,,,,,
ulta wes ńawramt laweɣt: -,85,0,A,AV,NoPtcl,npst,ind,none,pfv,H,pl,barenp,act,sp,uniq,strg,,,,,,,
" mȯꞩ, nī jeɣpı̮ɣēntəl ńawram ɔꞩsı̮ɣ",86,1,A,AxPV,NoPtcl,pst,ind,none,pfv,H,du,barenp,fam,sp,uniq,strg,H,sg,barenp,typid,nonsp,nuniq,w_brdg
    tau̯ ań moꞩχum tumajti:,87,0,A,AV,NoPtcl,npst,ind,none,pfv,H,sg,barenp,act,sp,uniq,strg,,,,,,,
 am jeɣāɣim tau̯ ul ɔ̄li,88,0,A,AV,NoPtcl,npst,ind,none,npfv,H,sg,possnp,fam,sp,uniq,strg,,,,,,,
 Juw-minas,89,0,A,V,NoPtcl,pst,ind,none,pfv,H,sg,zero,act,sp,uniq,strg,,,,,,,
" Juw-ꞩaltəs, ",90,0,A,V,NoPtcl,pst,ind,none,pfv,H,sg,zero,top,sp,uniq,strg,,,,,,,
tumajti,91,0,A,V,NoPtcl,npst,ind,none,npfv,H,sg,zero,top,sp,uniq,strg,,,,,,,
 Kitı̮ɣlaχti,92,0,A,V,NoPtcl,npst,ind,none,pfv,H,sg,zero,top,sp,uniq,strg,,,,,,,
 am jeɣāɣim χōtal' minas,93,0,A,AxV,NoPtcl,pst,ind,quest,pfv,H,sg,possnp,act,sp,uniq,strg,,,,,,,
" Jau̯ lāwi, ",94,0,A,AV,NoPtcl,npst,ind,none,pfv,H,sg,pron,act,sp,uniq,strg,,,,,,,
am at wāɣlum,95,1,AP,AV,NoPtcl,npst,ind,neg,npfv,1,sg,pron,act,sp,uniq,strg,,,,,,,
 χȯttal wɔ̄tastawes,96,0,P,V,NoPtcl,pst,ind,none,pfv,,,,,,,,H,sg,zero,act,sp,uniq,strg
 tau̯ lāwi - ,97,0,A,AV,NoPtcl,npst,ind,none,pfv,H,sg,zero,act,sp,uniq,strg,,,,,,,
"ȯtnako, jäɣaɣi naŋ ul ɔ̄leɣən",98,0,A,AV,NoPtcl,npst,ind,none,npfv,2,sg,pron,act,sp,uniq,strg,,,,,,,
" Manurəl WƆƆ ńawramt lāweɣt, ",99,0,A,AV,NoPtcl,npst,ind,none,npfv,H,pl,barenp,act,sp,uniq,strg,,,,,,,
am χɔ̭̇nt lasum,100,0,A,AV,NoPtcl,pst,ind,none,pfv,1,sg,pron,act,sp,uniq,strg,,,,,,,
" tau ūntəlmatɒs, nēte, ",101,0,A,AV,NoPtcl,pst,ind,none,pfv,H,sg,pron,act,sp,uniq,strg,,,,,,,
sȯp=ńelmtal ūntəlmatɒs,102,0,A,V,NoPtcl,pst,ind,none,pfv,H,sg,zero,top,sp,uniq,strg,,,,,,,
 mȯꞩ χum tumajti: - L'ul',103,0,A,AV,NoPtcl,npst,ind,none,pfv,H,sg,barenp,top,sp,uniq,strg,,,,,,,
 elmχȯlɒs isəŋ ārt  nɔtən ārt punsi anumn l'ul',104,,,,,,,,,,,,,,,,,,,,,,
" Tajaχ taχ nē lāwi, ",105,0,A,AV,NoPtcl,fut,ind,none,pfv,H,sg,barenp,typid,nonsp,nuniq,nfam,,,,,,,
"χum lāwi,  ",106,0,A,AV,NoPtcl,fut,ind,none,pfv,H,sg,barenp,typid,nonsp,nuniq,nfam,,,,,,,
mȯꞩ χum jaɣāɣi tēntəl ɔ̄leı̮ɣ,107,0,A,AxV,NoPtcl,npst,ind,none,npfv,H,du,barenp,fam,sp,uniq,strg,,,,,,,
 am ta kȯni pal taχ ēsėrma,108,,,,,,,,,,,,,,,,,,,,,,
" nɔŋχal' l'ul'es, ",109,0,A,V,NoPtcl,pst,ind,none,pfv,H,sg,zero,act,sp,uniq,strg,,,,,,,
"sāɣrap wis, ",110,1,A,PV,NoPtcl,pst,ind,none,pfv,H,sg,zero,top,sp,uniq,strg,I,sg,barenp,ref,sp,nuniq,nfam
"kāsaj wis, ",111,1,A,PV,NoPtcl,pst,ind,none,pfv,H,sg,zero,top,sp,uniq,strg,I,sg,barenp,ref,sp,nuniq,nfam
kiw talu̮p wis,112,1,A,PV,NoPtcl,pst,ind,none,pfv,H,sg,zero,top,sp,uniq,strg,I,sg,barenp,ref,sp,nuniq,nfam
 untəs kwtχatunkwe,113,0,INF-A,VP,NoPtcl,pst,ind,none,pfv,H,sg,zero,top,sp,uniq,strg,,,,,,,
" mȯrtsı̮ɣ kiwtɒs, ",114,X,A,V,NoPtcl,pst,ind,none,pfv,H,sg,zero,top,sp,uniq,strg,I,du,pron,act,sp,uniq,strg
āstəs,115,0,A,V,NoPtcl,pst,ind,none,pfv,H,sg,zero,top,sp,uniq,strg,,,,,,,
" nɔ̄ŋχal' l'ul'is,",116,0,A,V,NoPtcl,pst,ind,none,pfv,H,sg,zero,top,sp,uniq,strg,,,,,,,
 jaɣāɣi=nete pȯ̭ŋk sɔ̄we puwəste,117,1,AP,PV,NoPtcl,pst,ind,none,pfv,H,sg,zero,top,sp,uniq,strg,I,mass,possnp,ref,sp,uniq,w_brdg
 kȯna=kwaltəste,118,1,AP,V,NoPtcl,pst,ind,none,pfv,H,sg,zero,top,sp,uniq,strg,H,sg,zero,act,sp,uniq,strg
" pāu̯l kan jola=pinɒste, ",119,1,AP,V,NoPtcl,pst,ind,none,pfv,H,sg,zero,top,sp,uniq,strg,H,sg,zero,act,sp,uniq,strg
"sāɣrape wis, ",120,1,A,PV,NoPtcl,pst,ind,none,pfv,H,sg,zero,top,sp,uniq,strg,I,sg,possnp,act,sp,uniq,strg
kāsaje wis,121,1,A,PV,NoPtcl,pst,ind,none,pfv,H,sg,zero,top,sp,uniq,strg,I,sg,possnp,act,sp,uniq,strg
" manekēm jɔ̄re jɔχtəs, ",122,0,A,AV,NoPtcl,pst,ind,none,pfv,I,abst,possnp,typid,nonsp,nuniq,nfam,,,,,,,
"pȯ̭l'i sāɣrəs, ",123,X,A,V,NoPtcl,pst,ind,none,pfv,H,sg,zero,act,sp,uniq,strg,,,,,,,
jaktəste,124,1,AP,V,NoPtcl,pst,ind,none,pfv,H,sg,zero,top,sp,uniq,strg,H,sg,zero,act,sp,uniq,strg
" piɣriꞩe puwəste, ",125,1,AP,PV,NoPtcl,pst,ind,none,pfv,H,sg,zero,top,sp,uniq,strg,H,sg,possnp,fam,sp,uniq,strg
"kȯt tȯtaste,",126,1,AP,V,NoPtcl,pst,ind,none,pfv,H,sg,zero,top,sp,uniq,strg,H,sg,zero,top,sp,uniq,strg
" ɔs alaste, ",127,1,AP,V,NoPtcl,pst,ind,none,pfv,H,sg,zero,top,sp,uniq,strg,H,sg,zero,top,sp,uniq,strg
pɔ̭̇l'iɣ sāɣrəste,128,1,AP,V,NoPtcl,pst,ind,none,pfv,H,sg,zero,top,sp,uniq,strg,H,sg,zero,top,sp,uniq,strg
" Ti ńawram tau̯ mȯnt jānı̮ɣmanūu̯ kȯs,",129,0,A,AxV,NoPtcl,fut,irr,none,pfv,H,sg,demnp,act,sp,uniq,strg,,,,,,,
" jānı̮ɣmi,",130,0,A,V,NoPtcl,fut,ind,none,pfv,H,sg,zero,top,sp,uniq,strg,,,,,,,
 tau̯ taχ lāwi,131,0,A,AxV,NoPtcl,fut,ind,none,pfv,H,sg,pron,top,sp,uniq,strg,,,,,,,
 āꞩ l'aɣali ,132,0,A,AV,NoPtcl,fut,ind,none,npfv,H,sg,barenp,typid,nonsp,nuniq,nfam,,,,,,,
sāń laɣal'i: ,133,0,A,AV,NoPtcl,fut,ind,none,npfv,H,sg,barenp,typid,nonsp,nuniq,nfam,,,,,,,
"elmχȯlɒs isəŋ ārt nɔtəŋ ārt pȯsχati, ",134,,,,,,,,,,,,,,,,,,,,,,
tuu taχ pȯtərti,135,0,A,AxV,NoPtcl,fut,ind,none,npfv,H,sg,pron,act,sp,uniq,strg,,,,,,,
 ta pɔrat anumn ēꞩərma,136,,,,NoPtcl,,,none,,,,,,,,,,,,,,,
 Juw̯ minas,137,0,A,V,NoPtcl,pst,ind,none,pfv,H,sg,zero,act,sp,uniq,strg,,,,,,,
" mas χatɒs, ",138,0,A,V,NoPtcl,pst,ind,none,pfv,H,sg,zero,act,sp,uniq,strg,,,,,,,
pinχatɒs: ,139,0,A,V,NoPtcl,pst,ind,none,pfv,H,sg,zero,act,sp,uniq,strg,,,,,,,
   minas,140,0,A,V,NoPtcl,pst,ind,none,pfv,H,sg,zero,act,sp,uniq,strg,,,,,,,
χottal' pəl nɔmte patəs,141,0,A,AV,NoPtcl,pst,ind,none,pfv,I,abst,possnp,ref,sp,uniq,w_brdg,,,,,,,
 ań warmal' minas jaɣāɣite nȯ̭pəl,142,0,A,AV,NoPtcl,pst,ind,none,pfv,I,sg,barenp,ref,sp,uniq,w_glob,,,,,,,
" tɔ̄rəm tuja jemtəs, ",143,0,A,AxV,NoPtcl,pst,ind,none,pfv,I,sg,barenp,ref,sp,uniq,w_glob,,,,,,,
lȯpta tēls,144,0,A,AV,NoPtcl,pst,ind,none,pfv,I,mass,barenp,typid,nonsp,nuniq,nfam,,,,,,,
"   pum tēls, ",145,0,A,AV,NoPtcl,pst,ind,none,pfv,I,mass,barenp,typid,nonsp,nuniq,nfam,,,,,,,
ńir tēls,146,0,A,AV,NoPtcl,pst,ind,none,pfv,I,mass,barenp,typid,nonsp,nuniq,nfam,,,,,,,
 tau kēlpatenəl pȯrı̮ɣ tēls,147,0,A,AV,NoPtcl,pst,ind,none,pfv,I,sg,barenp,ref,sp,uniq,nfam,,,,,,,
 tuijiɣ jēmtəs,148,0,A,V,NoPtcl,pst,ind,none,pfv,,,,,,,,,,,,,,
    wȯrt ɔlnut jālasi,149,0,A,AV,NoPtcl,npst,ind,none,npfv,A,sg,barenp,ref,sp,nuniq,nfam,,,,,,,
" Ur pil kinsi, ",150,1,A,PV,NoPtcl,npst,ind,none,npfv,A,sg,zero,act,sp,uniq,strg,I,mass,barenp,typid,nonsp,nuniq,nfam
wȯr pil kinsi,151,1,A,PV,NoPtcl,npst,ind,none,npfv,A,sg,zero,top,sp,uniq,strg,I,mass,barenp,typid,nonsp,nuniq,nfam
" Kinsimete pāu̯l jȯrn, mȯꞩ χum pāu̯l jȯrn χɔ̄ntχatɒs",152,0,A,PV,NoPtcl,pst,ind,none,pfv,A,sg,zero,top,sp,uniq,strg,,,,,,,
" pȯrı̮ɣ kasalaste,",153,1,AP,PV,NoPtcl,pst,ind,none,pfv,A,sg,zero,top,sp,uniq,strg,I,sg,barenp,fam,sp,uniq,strg
 juu̯=wātəste,154,1,AP,V,NoPtcl,pst,ind,none,pfv,A,sg,zero,top,sp,uniq,strg,I,sg,zero,top,sp,uniq,strg
" Urn jɔ̄məs, ",155,0,A,V,NoPtcl,pst,ind,none,pfv,A,sg,zero,top,sp,uniq,strg,,,,,,,
wȯrn jɔ̄məs,156,0,A,V,NoPtcl,pst,ind,none,pfv,A,sg,zero,top,sp,uniq,strg,,,,,,,
 ɔ̄limēte unttəs ńawram,157,1,A,VP,NoPtcl,pst,ind,none,pfv,A,sg,zero,top,sp,uniq,strg,A,mass,barenp,,,,
" akw ńawrɒm tau χuripate wȯrtɔlnut, ",158,,,,NoPtcl,,,none,,,,,,,,,,,,,,,
akw ńawram - elmχȯlas āɣiriꞩ,159,,,,NoPtcl,,,none,,,,,,,,,,,,,,,
" tɔχ ɔ̄leɣt, ",160,0,A,V,NoPtcl,npst,ind,none,npfv,H,pl,zero,act,sp,uniq,strg,,,,,,,
pil wāteɣt,161,1,A,PV,NoPtcl,npst,ind,none,npfv,H,pl,zero,top,sp,uniq,strg,I,mass,barenp,typid,nonsp,nuniq,nfam
" akw ńawrame kɔnsəŋ, ",162,,,,NoPtcl,,,none,,,,,,,,,,,,,,,
akw ńawrame ēlmχolɒs,163,,,,NoPtcl,,,none,,,,,,,,,,,,,,,
 ēlmχɔlɒs ta sāwatawe,164,X,P,PV,ta,npst,ind,none,npfv,,,,,,,,H,sg,barenp,act,sp,uniq,strg
 ꞩāne lāwi: ,165,0,A,AV,NoPtcl,npst,ind,none,pfv,A,sg,possnp,act,sp,uniq,strg,,,,,,,
ēlmχȯlɒs jaɣāɣin ul ȯpētiten,166,1,A,PV,NoPtcl,fut,imp,neg,npfv,2,sg,zero,act,sp,uniq,strg,H,sg,possnp,,,,
 tɔχ ɔ̄limenəl tuwanəl ti χȯli,167,0,A,AV,ti,npst,ind,none,pfv,I,sg,dpossnp,ref,sp,uniq,w_glob,,,,,,,
 Jɔ̄ru̮m takwsiɣiɣ jēmti ,168,0,A,AxV,NoPtcl,npst,ind,none,pfv,I,sg,barenp,fam,sp,uniq,strg,,,,,,,
    mā pol'ɒs,169,0,A,AV,NoPtcl,pst,ind,none,pfv,I,mass,barenp,uniq,sp,uniq,w_glob,,,,,,,
 tujt pati,170,0,A,AV,NoPtcl,npst,ind,none,pfv,If,mass,barenp,typid,nonsp,nuniq,nfam,,,,,,,
 wȯrtɔlnut tumajti,171,0,A,AV,NoPtcl,npst,ind,none,pfv,A,sg,barenp,fam,sp,uniq,strg,,,,,,,
 kȯl wāruŋkwe ti ēri,172,0,INF-A,AV,ti,npst,ind,none,npfv,,,,,,,,,,,,,,
 mā ti pɔ̄l'i,173,0,A,AV,ti,npst,ind,none,pfv,I,mass,barenp,uniq,sp,uniq,strg,,,,,,,
" kȯl wārne mā kinsɒs, ",174,1,A,PV,NoPtcl,pst,ind,none,npfv,A,sg,zero,act,sp,uniq,strg,I,sg,barenp,typid,sp,nuniq,nfam
χɔntɒs,175,X,A,V,NoPtcl,pst,ind,none,pfv,A,sg,zero,top,sp,uniq,strg,,,,,,,
 kȯl wāri,176,1,A,PV,NoPtcl,npst,ind,none,npfv,A,sg,zero,top,sp,uniq,strg,I,sg,barenp,typid,sp,uniq,nfam
 āstəs,177,0,A,V,NoPtcl,pst,ind,none,pfv,A,sg,zero,top,sp,uniq,strg,,,,,,,
" Wens tȯtəs, ",178,1,A,PV,NoPtcl,pst,ind,none,pfv,A,sg,zero,top,sp,uniq,strg,I,mass,barenp,typid,nonsp,nuniq,nfam
"χasli tȯtəs, ",179,1,A,PV,NoPtcl,pst,ind,none,pfv,A,sg,zero,top,sp,uniq,strg,I,mass,barenp,typid,nonsp,nuniq,nfam
pit'i wārs̥,180,1,A,PV,NoPtcl,pst,ind,none,pfv,A,sg,zero,top,sp,uniq,strg,I,sg,barenp,typid,sp,uniq,nfam
 Tɔ̄rəm maltip χɔ̄tɒl wārs,181,1,A,APV,NoPtcl,pst,ind,none,pfv,A,sg,barenp,top,sp,uniq,strg,I,sg,barenp,typid,sp,uniq,nfam
" ań ꞩāńe kȯna=kwals, ",182,0,A,AV,NoPtcl,pst,ind,none,pfv,A,sg,dpossnp,top,sp,uniq,strg,,,,,,,
"χāl' palt minas, ",183,0,A,V,NoPtcl,pst,ind,none,pfv,A,sg,zero,top,sp,uniq,strg,,,,,,,
"χal' kȯnsəl ꞩurtəste, ",184,1,AP,PxV,NoPtcl,pst,ind,none,pfv,A,sg,zero,top,sp,uniq,strg,I,sg,barenp,act,sp,uniq,strg
sās nujiste,185,1,AP,PV,NoPtcl,pst,ind,none,pfv,A,sg,zero,top,sp,uniq,strg,I,sg,barenp,ref,sp,nuniq,w_brdg
 juw=tȯtaste,186,1,AP,V,NoPtcl,pst,ind,none,pfv,A,sg,zero,top,sp,uniq,strg,I,sg,barenp,act,sp,uniq,strg
 elmχolas āɣitēn taktəste,187,1,AP,V,NoPtcl,pst,ind,none,pfv,A,sg,zero,top,sp,uniq,strg,I,sg,barenp,top,sp,uniq,strg
" - elmχolas āɣikwe, - lāwi, - ",188,0,A,V,NoPtcl,npst,ind,none,pfv,A,sg,zero,top,sp,uniq,strg,,,,,,,
"ti sās pȯlχəl sarteln, ",189,1,AP,PxV,NoPtcl,fut,imp,none,pfv,2,sg,zero,act,sp,uniq,strg,I,sg,demnp,act,sp,uniq,strg
"χanseln, ",190,1,AP,V,NoPtcl,fut,imp,none,pfv,2,sg,zero,top,sp,uniq,strg,I,sg,zero,top,sp,uniq,strg
matər χansa χanseln,191,1,AP,PV,NoPtcl,fut,imp,none,pfv,2,sg,zero,top,sp,uniq,strg,I,sg,barenp,top,sp,uniq,strg
" Ti āmp laɣəl, uj laɣəl χars taku̯s tɔ̄ru̮m āꞩ pȯ̭nsɒs",192,?,A,?,NoPtcl,pst,ind,none,unkn,H,sg,barenp,fam,sp,uniq,strg,I,sg,barenp,ref,sp,uniq,nfam
" tɔtnūw̯ ɔ̄li, ",193,0,A,V,NoPtcl,npst,ind,none,npfv,,,,,,,,,,,,,,
NƆ̄Ɔ̄ χūru̮m pı̮ɣ ɔńꞩi,194,1,A,APV,NoPtcl,npst,ind,none,npfv,H,sg,barenp,uniq,sp,uniq,nfam,H,pl,barenp,ref,sp,uniq,nfam
 wȯrn juwət,195,0,A,V,NoPtcl,fut,ind,none,pfv,H,pl,zero,act,sp,uniq,strg,,,,,,,
 Man taχ NƆ̄Ɔ̄ āmpēn wɔ̄ŋχa āwi χȯrmtawe,196,1,P,APV,NoPtcl,fut,ind,none,npfv,A,sg,possnp,,,,,I,sg,barenp,uniq,sp,uniq,w_brdg
" Naŋ taχ, ēlmχolas āɣikwe, mēn χȯtu̮m wārawamēn",197,X,P,PxV,NoPtcl,fut,ind,none,pfv,,,,,,,,1,du,pron,act,sp,uniq,strg
" Sūjt sāɣrawe, ",198,X,P,PV,NoPtcl,fut,ind,none,pfv,,,,,,,,I,sg,barenp,typid,sp,uniq,nfam
kiwərn wāɣawe,199,X,P,V,NoPtcl,fut,ind,none,pfv,,,,,,,,,,,,,,
 Naŋ tuw puweln,200,1,AP,AV,NoPtcl,fut,imp,none,pfv,2,sg,pron,act,sp,uniq,strg,I,sg,zero,act,sp,uniq,strg
 Ti sās ta pɔrat sājt ɔwəln tuu̯=puu̯tawēln,201,1,AP,PxV,NoPtcl,fut,imp,none,pfv,2,sg,zero,top,sp,uniq,strg,I,sg,demnp,top,sp,uniq,strg
 tau̯ sājte kȯna=χārtite,202,1,AP,APV,NoPtcl,fut,ind,none,pfv,H,sg,pron,act,sp,uniq,strg,I,sg,dpossnp,top,sp,uniq,strg
 ta porat UƆƆ χūru̮m pi̮ɣe jōt ɔ̄li,203,0,A,AxV,NoPtcl,fut,ind,none,npfv,H,sg,barenp,act,sp,uniq,strg,,,,,,,
 sājt ɔwəlt ꞩās kāsalawe ,204,X,P,PV,NoPtcl,fut,ind,none,pfv,,,,,,,,I,sg,barenp,act,sp,uniq,strg
UƆƆ lāwi: - ,205,0,A,AV,NoPtcl,fut,ind,none,pfv,H,sg,barenp,act,sp,uniq,strg,,,,,,,
akw ēlmχolas āɣi ɔ̄li,206,0,A,AV,NoPtcl,npst,ind,none,npfv,H,sg,barenp,ref,sp,uniq,nfam,,,,,,,
" akw takwi nawrame, akw ēlmχȯlas āɣi",207,,,,NoPtcl,,,none,,,,,,,,,,,,,,,
 ꞩāne lawi: - ,208,0,A,AV,NoPtcl,npst,ind,none,pfv,A,sg,dpossnp,act,sp,uniq,strg,,,,,,,
"aɣikwe, am manər lāweɣu̮m, ",209,1,A,APV,NoPtcl,npst,ind,none,pfv,1,sg,pron,act,sp,uniq,strg,I,abst,indefp,undef,nonsp,nuniq,nfam
"manər χuńꞩtasu̮m, ",210,1,A,PV,NoPtcl,pst,ind,none,pfv,1,sg,zero,top,sp,uniq,strg,I,abst,indefp,undef,nonsp,nuniq,nfam
"ul jȯrulen, ",211,X,A,V,NoPtcl,fut,imp,neg,npfv,2,sg,zero,act,sp,uniq,strg,,,,,,,
nɔmēln,212,1,AP,V,NoPtcl,fut,imp,none,npfv,2,sg,zero,top,sp,uniq,strg,I,abst,zero,undef,nonsp,nuniq,nfam
" taχ jȯχtawēw, ",213,0,P,V,NoPtcl,fut,ind,none,pfv,,,,,,,,1,pl,zero,act,sp,uniq,strg
takwi wȯrtɔ̄lnut ńawrame nȯ̭pəl lāwi: ,214,0,A,V,NoPtcl,npst,ind,none,pfv,A,sg,zero,act,sp,uniq,strg,,,,,,,
naŋ mȯlal elmχȯlas jaɣaɣin manarı̮ɣ sawatilən,215,1,AP,AxPxV,NoPtcl,npst,ind,quest,npfv,2,sg,pron,act,sp,uniq,strg,H,sg,possnp,act,sp,uniq,strg
 ti wārum wārmalentəl,216,,,,NoPtcl,,,none,,,,,,,,,,,,,,,
 tɔ̄rum āꞩēnn men ārı̮taptawesmēn,217,1,P,APV,NoPtcl,pst,ind,none,pfv,H,sg,possnp,fam,sp,uniq,strg,1,du,pron,act,sp,uniq,strg
 pɔsəŋ χɔ̄tal ɔ̄lmemēn wası̮ɣ āt'im,218,,,,NoPtcl,,,neg,,,,,,,,,,,,,,,
 WƆƆ χūru̮m pı̮ɣe jot juw,219,0,A,AxV,NoPtcl,npst,ind,none,npfv,H,sg,barenp,fam,sp,uniq,strg,,,,,,,
    jȯχtəs,220,0,A,V,NoPtcl,pst,ind,none,pfv,H,sg,zero,act,sp,uniq,strg,,,,,,,
 wɔŋχɒ āwi tɔ̄rtawes,221,X,P,PV,NoPtcl,pst,ind,none,pfv,,,,,,,,I,sg,barenp,fam,sp,uniq,strg
 ten aluŋkwe patwesı̮ɣ,222,0,INF-P,PxV,NoPtcl,pst,ind,none,pfv,,,,,,,,A,du,pron,act,sp,uniq,strg
 ēlmχo las āɣi takwi jānɒs χusapəl wārim ɔ̄li,223,0,A,AxV,NoPtcl,npst,ind,none,npfv,H,sg,barenp,act,sp,uniq,strg,,,,,,,
 ꞩańe lāwi: - ,224,0,A,AV,NoPtcl,npst,ind,none,pfv,A,sg,possnp,act,sp,uniq,strg,,,,,,,
"tiwus āɣikwe, urɣalaχten",225,0,A,V,NoPtcl,fut,imp,none,npfv,2,sg,zero,act,sp,uniq,strg,,,,,,,
 matarən ul piꞩtawen,226,1,P,AV,NoPtcl,fut,imp,neg,pfv,2,sg,zero,top,sp,uniq,strg,U,abst,indefp,undef,nonsp,nuniq,nfam
" mēn χotu̮m wārawamēn, ",227,X,P,PxV,NoPtcl,fut,ind,none,pfv,,,,,,,,1,du,pron,act,sp,uniq,strg
"kȯn χārtawamen, ",228,X,P,V,NoPtcl,fut,ind,none,pfv,,,,,,,,1,du,zero,top,sp,uniq,strg
ꞩɔpitawamen,229,X,P,V,NoPtcl,fut,ind,none,pfv,,,,,,,,1,du,zero,top,sp,uniq,strg
 mēn sunmēn naŋ ul tālen,230,0,A,AV,NoPtcl,fut,imp,neg,pfv,2,sg,zero,act,sp,uniq,strg,,,,,,,
 mēn kēlpamen mańiɣ lawen,231,X,P,V,NoPtcl,fut,ind,none,pfv,,,,,,,,2,sg,zero,top,sp,uniq,strg
 alwesı̮ɣ ,232,X,P,V,NoPtcl,pst,ind,none,pfv,,,,,,,,A,du,zero,act,sp,uniq,strg
kȯn-χartwesı̮ɣ,233,X,P,V,NoPtcl,pst,ind,none,pfv,,,,,,,,A,du,zero,act,sp,uniq,strg
 NƆ̄Ɔ̄ χp lāwi - ,234,0,A,AV,NoPtcl,npst,ind,none,pfv,H,pl,barenp,act,sp,uniq,strg,,,,,,,
ɔs ɔ̄li ērəŋ lāwi,235,0,A,V,NoPtcl,npst,ind,none,npfv,A,mass,zero,ref,nonsp,nuniq,nfam,,,,,,,
" sājt sāɣ ruwes, ",236,X,P,PV,NoPtcl,pst,ind,none,pfv,,,,,,,,I,sg,barenp,fam,sp,uniq,strg
"kiwərn, māɣwəs",237,X,P,V,NoPtcl,pst,ind,none,pfv,,,,,,,,I,sg,zero,act,sp,uniq,strg
 tau̯ puwəste ,238,1,AP,AV,NoPtcl,pst,ind,none,pfv,H,sg,pron,act,sp,uniq,strg,I,sg,zero,top,sp,uniq,strg
tuw χansaŋ sās tuu̯ māɣəste,239,1,AP,PV,NoPtcl,pst,ind,none,pfv,H,sg,zero,top,sp,uniq,strg,I,sg,barenp,act,sp,uniq,strg
 sājt kȯn=wȯjwes ,240,X,P,PV,NoPtcl,pst,ind,none,pfv,,,,,,,,I,sg,barenp,top,sp,uniq,strg
χansaŋ sās kāsalasət,241,1,A,PV,NoPtcl,pst,ind,none,pfv,H,pl,zero,act,sp,uniq,strg,I,sg,barenp,act,sp,uniq,strg
 WƆƆ χūru̮m pı̮ɣ lawi:,242,0,A,AV,NoPtcl,npst,ind,none,pfv,H,pl,barenp,act,sp,uniq,strg,,,,,,,
 - ti ɔs manər ɔꞩmar,243,,,,NoPtcl,,,quest,,,,,,,,,,,,,,,
 Jānı̮ɣ ɔ̄jka lāwi: - ,244,0,A,AV,NoPtcl,npst,ind,none,pfv,H,sg,barenp,ref,sp,uniq,w_set,,,,,,,
ēlmχȯlas āɣi ɔ̄li,245,0,A,AV,NoPtcl,npst,ind,none,npfv,H,sg,barenp,ref,sp,uniq,nfam,,,,,,,
 χansaŋ sās ti,246,,,,NoPtcl,,,none,,,,,,,,,,,,,,,
 WƆƆ tuwl pı̮ɣe nupəl lāwi: ,247,0,A,AxV,NoPtcl,npst,ind,none,pfv,H,sg,barenp,act,sp,uniq,strg,,,,,,,
 Naŋ pı̮ɣkwe sipln tɔ̄rən χɔt-pēstēln,248,1,AP,AxPV,NoPtcl,fut,imp,none,pfv,2,sg,pron,act,sp,uniq,strg,I,sg,possnp,ref,sp,nuniq,w_brdg
 tɔ̄re pēstɒste,249,1,AP,PV,NoPtcl,pst,ind,none,pfv,H,sg,zero,act,sp,uniq,strg,I,sg,possnp,act,sp,uniq,strg
 sājte kiwərn māɣəste,250,1,AP,PxV,NoPtcl,pst,ind,none,pfv,H,sg,zero,act,sp,uniq,strg,I,sg,dpossnp,act,sp,uniq,strg
 l'aɣɒs,251,0,A,V,NoPtcl,pst,ind,none,pfv,H,sg,zero,act,sp,uniq,strg,,,,,,,
 anum tɔ̄nu̮mn lāwum ēlmχolas tı̮ɣ pȱχten,252,0,A,V,NoPtcl,fut,imp,none,pfv,2,sg,zero,uniq,sp,uniq,strg,,,,,,,
    pustēıɣəl kē ɔ̄leɣən,253,0,A,V,NoPtcl,npst,irr,none,npfv,2,sg,zero,top,sp,uniq,strg,,,,,,,
    pȯχten,254,0,A,V,NoPtcl,fut,imp,none,pfv,2,sg,zero,top,sp,uniq,strg,,,,,,,
    matər ꞩaŋkwən piꞩtuwes ke,255,1,P,AV,NoPtcl,pst,irr,none,pfv,I,sg,barenp,typid,sp,nuniq,nfam,H,sg,zero,top,sp,uniq,strg
    ul pȯχten,256,0,A,V,NoPtcl,fut,imp,neg,pfv,2,sg,zero,top,sp,uniq,strg,,,,,,,
 tau pȱχtəs,257,0,A,AV,NoPtcl,pst,ind,none,pfv,H,sg,pron,top,sp,uniq,strg,,,,,,,
" pȱχtəs,",258,0,A,V,NoPtcl,pst,ind,none,pfv,H,sg,zero,top,sp,uniq,strg,,,,,,,
 kȯn=χārtwes,259,X,P,V,NoPtcl,pst,ind,none,pfv,,,,,,,,H,sg,zero,top,sp,uniq,strg
" kātaɣe, pȯ̭ŋkaɣe kȯnn nēı̮ɣla sı̮ɣ",260,0,A,AV,NoPtcl,pst,ind,none,pfv,I,du,possnp,uniq,sp,uniq,w_brdg,,,,,,,
 tɔ̄re tau̯ pȯ̭ŋken lēpwes,261,X,P,PxV,NoPtcl,pst,ind,none,pfv,,,,,,,,I,sg,possnp,act,sp,uniq,strg
 janitētəl kȯnn ti pati,262,0,A,V,ti,npst,ind,none,pfv,H,sg,zero,act,sp,uniq,strg,,,,,,,
 UƆƆ lāwi: ,263,0,A,AV,NoPtcl,npst,ind,none,pfv,H,sg,barenp,act,sp,uniq,strg,,,,,,,
"arı̮ɣ wāja ārı̮ɣ ȯ̭lan χɔt aŋχwen, ",264,1,A,PV,NoPtcl,fut,imp,none,pfv,2,sg,zero,act,sp,uniq,strg,I,mass,barenp,ref,sp,nuniq,nfam
"aŋχwsalaχtsəɣ,",265,0,A,V,NoPtcl,pst,ind,none,pfv,H,du,zero,act,sp,uniq,strg,,,,,,,
 nēte mastəste,266,1,AP,PV,NoPtcl,pst,ind,none,pfv,H,sg,zero,act,sp,uniq,strg,H,sg,possnp,act,sp,uniq,strg
 Ēlanuw minas,267,0,A,V,NoPtcl,pst,ind,none,pfv,H,sg,zero,act,sp,uniq,strg,,,,,,,
 Āŋkwe nujsalawes,268,X,P,PV,NoPtcl,pst,ind,none,pfv,,,,,,,,A,sg,possnp,act,sp,uniq,strg
 āpꞩite nujsalawes,269,X,P,PV,NoPtcl,pst,ind,none,pfv,,,,,,,,A,sg,possnp,act,sp,uniq,strg
 tau sisi ūntɒs,270,0,A,AxV,NoPtcl,pst,ind,none,pfv,H,sg,pron,act,sp,uniq,strg,,,,,,,
" āŋkwe, āpꞩite āpan χuju̮pta wesı̮ɣ, ",271,X,P,PxV,NoPtcl,pst,ind,none,pfv,,,,,,,,A,du,possnp,act,sp,uniq,strg
āstesət,272,0,A,V,NoPtcl,pst,ind,none,pfv,H,pl,zero,act,sp,uniq,strg,,,,,,,
 sunn̥ tāltuwesət,273,X,P,V,NoPtcl,pst,ind,none,pfv,,,,,,,,H,pl,zero,act,sp,uniq,strg
" Ēlmχolas āɣi lāwi, ",274,0,A,AV,NoPtcl,npst,ind,none,pfv,H,sg,barenp,act,sp,uniq,strg,,,,,,,
am āŋkwum t ꞩānen at tāleɣu̮w,275,0,A,AxV,NoPtcl,fut,ind,neg,pfv,1,sg,pron,act,sp,uniq,strg,,,,,,,
 uss pı̮ɣe nupəl lāwi,276,0,A,AxV,NoPtcl,npst,ind,none,pfv,H,sg,barenp,top,sp,uniq,strg,,,,,,,
    man χūru̮m χum,277,,,,NoPtcl,,,none,,,,,,,,,,,,,,,
" sun χarten, ",278,1,A,PV,NoPtcl,fut,imp,none,pfv,2,pl,zero,act,sp,uniq,strg,,,,,,,
naŋ nēn nɔŋχ ālmeln,279,1,AP,APV,NoPtcl,fut,imp,none,pfv,2,sg,pron,top,sp,uniq,strg,H,sg,possnp,act,sp,uniq,strg
 juu min mı̮ɣtasət,280,0,A,V,NoPtcl,pst,ind,none,pfv,H,pl,zero,top,sp,uniq,strg,,,,,,,
 Juw jȯχtəsət,281,0,A,V,NoPtcl,pst,ind,none,pfv,H,pl,zero,top,sp,uniq,strg,,,,,,,
 Juw tɔ̭̇̄lwesət,282,X,P,V,NoPtcl,pst,ind,none,pfv,,,,,,,,H,pl,zero,top,sp,uniq,strg
 Wȯrt ɔlnut ńawramentəl pāsanəl ūnttu̮wesı̮ɣ,283,X,P,PxV,NoPtcl,pst,ind,none,pfv,,,,,,,,H,du,barenp,act,sp,uniq,strg
" EA χāsap sāin pall wārwes, ",284,X,P,PxV,NoPtcl,pst,ind,none,pfv,,,,,,,,H,sg,barenp,ref,sp,nuniq,nfam
paıɣ ūntəs,285,0,A,V,NoPtcl,pst,ind,none,pfv,H,sg,zero,act,sp,uniq,strg,,,,,,,
 WƆƆ ań jȯnɣeɣt,286,0,A,AxV,NoPtcl,npst,ind,none,npfv,H,pl,barenp,act,sp,uniq,strg,,,,,,,
" tau̮ EA ꞩańe pȱt wārwəs, ",287,X,A,PV,NoPtcl,pst,ind,none,pfv,,,,,,,,I,sg,barenp,ref,sp,uniq,strg
"māχu̮m tēɣt, ",288,X,A,AV,NoPtcl,npst,ind,none,npfv,H,pl,barenp,ref,sp,nuniq,nfam,,,,,,,
tau ɔs majwes,289,X,P,PxV,NoPtcl,pst,ind,none,npfv,,,,,,,,H,sg,pron,act,sp,uniq,strg
" kȯlɒl ꞩāńe lāwi: - aɣikwe, lāwi, - ",290,0,A,AV,NoPtcl,npst,ind,none,pfv,A,sg,possnp,fam,sp,uniq,strg,,,,,,,
"jȯla χujeɣən, ",291,0,A,V,NoPtcl,fut,ind,none,pfv,2,sg,zero,act,sp,uniq,strg,,,,,,,
ulmən at juwe,292,X,A,AV,NoPtcl,fut,ind,neg,pfv,I,sg,possnp,ref,sp,nuniq,w_brdg,,,,,,,
" talkwa ȱsma pineɣən, ",293,1,A,PV,NoPtcl,fut,ind,none,pfv,2,sg,zero,top,sp,uniq,strg,I,sg,barenp,typid,sp,nuniq,nfam
"χūru̮m nɔr l'ul'it nɔŋχal' lāpi, ",294,0,A,AV,NoPtcl,fut,ind,none,pfv,I,abst,zero,typid,nonsp,nuniq,nfam,,,,,,,
"kars ȯsma pineɣən,",295,1,A,PV,NoPtcl,fut,ind,none,pfv,2,sg,zero,act,sp,uniq,strg,I,sg,barenp,typid,sp,nuniq,nfam
  akw nɔr l'ul'itn jola ꞩalti ,296,0,A,V,NoPtcl,fut,ind,none,pfv,I,sg,zero,ref,sp,nuniq,nfam,,,,,,,
 ēt kȯtlijiɣ jēmtəs - ,297,0,A,V,NoPtcl,pst,ind,none,pfv,,,,,,,,,,,,,,
"mēn mēn ul nȯu̯χaten,",298,1,A,PV,NoPtcl,fut,imp,neg,pfv,2,sg,zero,act,sp,uniq,strg,1,du,pron,,,,
" manarəl miwen, ",299,X,P,V,NoPtcl,fut,ind,none,pfv,,,,,,,,2,sg,zero,act,sp,uniq,strg
akw mān pinen,300,X,A,V,NoPtcl,fut,imp,none,pfv,2,sg,zero,act,sp,uniq,strg,,,,,,,
 pinsane,301,1,AP,V,NoPtcl,pst,ind,none,pfv,H,sg,zero,act,sp,uniq,strg,I,pl,zero,ref,sp,uniq,nfam
 kitet ēt jȯnɣawe,302,X,P,V,NoPtcl,npst,ind,none,npfv,,,,,,,,A,sg,zero,act,sp,uniq,strg
" ɔ̄s pȱt wārı̮ɣlawe, ",303,X,P,PV,NoPtcl,npst,ind,none,npfv,,,,,,,,I,sg,barenp,ref,sp,nuniq,strg
taw̯ miwe,304,X,P,PV,NoPtcl,npst,ind,none,npfv,,,,,,,,H,sg,pron,act,sp,uniq,strg
 tuu ɔs akw mān pinijane,305,1,AP,AV,NoPtcl,npst,ind,none,npfv,H,sg,zero,top,sp,uniq,strg,I,pl,zero,ref,sp,nuniq,w_brdg
 χurmit et jȯnɣawe p …,306,X,P,V,NoPtcl,npst,ind,none,npfv,,,,,,,,A,sg,zero,act,sp,uniq,strg
 miwe …,307,X,P,V,NoPtcl,npst,ind,none,npfv,,,,,,,,H,sg,zero,act,sp,uniq,strg
 pinijane,308,1,AP,V,NoPtcl,npst,ind,none,npfv,H,sg,zero,top,sp,uniq,strg,I,pl,zero,ref,sp,nuniq,w_brdg
 ńilit et … pinijane,309,1,AP,V,NoPtcl,npst,ind,none,npfv,H,sg,zero,top,sp,uniq,strg,I,pl,zero,ref,sp,nuniq,w_brdg
"V WƆƆ ēkwate, mańe nupəl lāwi: -",310,0,A,AxV,NoPtcl,npst,ind,none,pfv,H,sg,possnp,uniq,sp,uniq,w_brdg,,,,,,,
" Ē āɣikwe, manrı̮ɣ at jȯnɣeɣən",311,0,A,V,NoPtcl,npst,ind,quest/neg,npfv,2,sg,zero,act,sp,uniq,strg,,,,,,,
" - am χumus jȯnɣeɣu̮m, ",312,0,A,AxV,NoPtcl,npst,ind,quest,npfv,1,sg,pron,act,sp,uniq,strg,,,,,,,
 amki ꞩańum,313,,,,NoPtcl,,,none,,,,,,,,,,,,,,,
 simm̥ ꞩārɣi,314,0,A,AV,NoPtcl,npst,ind,none,npfv,I,sg,possnp,uniq,sp,uniq,w_brdg,,,,,,,
 ńilit ēt jȯnɣawe,315,X,P,V,NoPtcl,npst,ind,none,npfv,,,,,,,,A,sg,zero,act,sp,uniq,strg
 pinijane,316,1,AP,V,NoPtcl,npst,ind,none,npfv,H,sg,zero,act,sp,uniq,strg,I,pl,zero,ref,sp,nuniq,w_brdg
 Uj ńila ēt tȯu̯lɒs,317,0,A,AV,NoPtcl,pst,ind,none,pfv,I,sg,barenp,ref,sp,uniq,strg,,,,,,,
 ań mȯlal WƆ ꞩańe laws: V - ,318,0,A,AV,NoPtcl,pst,ind,none,pfv,A,sg,possnp,act,sp,uniq,strg,,,,,,,
"aɣ e, lawi, ",319,0,A,V,NoPtcl,npst,ind,none,pfv,A,sg,zero,act,sp,uniq,strg,,,,,,,
"am ńila ētum tȯu̯li, ",320,0,A,AV,NoPtcl,fut,ind,none,pfv,I,sg,possnp,ref,sp,uniq,strg,,,,,,,
ēt kot'l'= pɔrat kȯn-kwalen,321,0,A,V,NoPtcl,fut,imp,none,pfv,2,sg,zero,act,sp,uniq,strg,,,,,,,
 Jan ēt kot'l'n pɔrat kȯna kwals,322,0,A,AxV,NoPtcl,pst,ind,none,pfv,H,sg,pron,act,sp,uniq,strg,,,,,,,
 Nȯmsi-,323,0,A,V,NoPtcl,npst,ind,none,pfv,H,sg,zero,top,sp,uniq,strg,,,,,,,
wası̮ɣ am ꞩańum χɔt wāɣlum,324,1,AP,AV,NoPtcl,npst,ind,none,npfv,1,sg,zero,top,sp,uniq,strg,A,sg,possnp,act,sp,uniq,strg
 kȯl alàt suiteı̮ɣ: ,325,0,A,V,NoPtcl,npst,ind,none,npfv,A,du,zero,act,sp,uniq,strg,,,,,,,
ńawrame ꞩuiti,326,0,A,AV,NoPtcl,npst,ind,none,pfv,A,sg,possnp,act,sp,uniq,strg,,,,,,,
 - am tiı̯um āɣməŋ,327,,,,NoPtcl,,,none,,,,,,,,,,,,,,,
" ꞩańe ꞩuiti,",328,0,A,AV,NoPtcl,npst,ind,none,pfv,A,sg,possnp,act,sp,uniq,strg,,,,,,,
 am ti mām aɣməŋ,329,,,,NoPtcl,,,none,,,,,,,,,,,,,,,
 ēlmχolas āɣimēn matarən nȯu̯χatās,330,0,A,APV,NoPtcl,pst,ind,none,pfv,H,sg,possnp,act,sp,uniq,strg,,,,,,,
 tau saltəs juw,331,0,A,AV,NoPtcl,pst,ind,none,pfv,H,sg,pron,act,sp,uniq,strg,,,,,,,
 Mȯl χɔ̄təl ɔ̄ul ēt majim utane pȱtin wisane,332,1,AP,PxV,NoPtcl,pst,ind,none,pfv,H,sg,zero,top,sp,uniq,strg,I,pl,possnp,fam,sp,uniq,strg
" kȯn kwals, ",333,0,A,V,NoPtcl,pst,ind,none,pfv,H,sg,zero,top,sp,uniq,strg,,,,,,,
kȯl alan ꞩēltumtasane,334,1,AP,V,NoPtcl,pst,ind,none,pfv,H,sg,zero,top,sp,uniq,strg,I,pl,zero,act,sp,uniq,strg
 ꞩane lawi,335,0,A,AV,NoPtcl,npst,ind,none,pfv,A,sg,possnp,act,sp,uniq,strg,,,,,,,
 - EA at nȱu̯χatas,336,X,A,AV,NoPtcl,pst,ind,neg,pfv,H,sg,barenp,act,sp,uniq,strg,,,,,,,
" juw … juw ꞩaltəs, ",337,0,A,V,NoPtcl,pst,ind,none,pfv,H,sg,zero,act,sp,uniq,strg,,,,,,,
jȯla χujɒs,338,0,A,V,NoPtcl,pst,ind,none,pfv,H,sg,zero,top,sp,uniq,strg,,,,,,,
" χɔ̄tɒl ɔ̄ls, ",339,0,A,V,NoPtcl,pst,ind,none,pfv,H,sg,zero,ref,sp,uniq,w_glob,,,,,,,
ė̄t'ijiɣ jēmtəs,340,0,A,V,NoPtcl,pst,ind,none,pfv,,,,,,,,,,,,,,
 χujne pɔra jȯχtəs,341,0,A,AV,NoPtcl,pst,ind,none,pfv,I,abst,barenp,ref,sp,uniq,w_glob,,,,,,,
 Kars ȱsma pini,342,1,A,PV,NoPtcl,npst,ind,none,pfv,H,sg,zero,act,sp,uniq,strg,I,sg,barenp,typid,sp,nuniq,strg
" talkwaı̮ɣ jēmti,",343,0,A,V,NoPtcl,npst,ind,none,pfv,I,sg,zero,act,sp,uniq,strg,,,,,,,
 takwa ȱsma ꞩɔ̄piti,344,1,A,PV,NoPtcl,npst,ind,none,pfv,H,sg,zero,,,,,I,sg,barenp,typid,sp,nuniq,strg
    χūru̮ (lapi) nɔr lulitn nɔŋχal' lapi,345,0,A,V,NoPtcl,npst,ind,none,pfv,I,sg,zero,,,,,,,,,,,
" Ēt kȯt'l'iɣ jēmtəs, ",346,0,A,V,NoPtcl,pst,ind,none,pfv,,,,,,,,,,,,,,
kȯna kwals,347,0,A,V,NoPtcl,pst,ind,none,pfv,H,sg,zero,act,sp,uniq,strg,,,,,,,
 kȯl pɔχat tujt pɔꞩɣəne lɔ̄ŋχ patta,348,,,,NoPtcl,,,none,,,,,,,,,,,,,,,
 tuw  jȯmantɒs ,349,0,A,V,NoPtcl,pst,ind,none,npfv,H,sg,zero,top,sp,uniq,strg,,,,,,,
ꞩāne ńawramēntəl suiti,350,0,A,AxV,NoPtcl,npst,ind,none,npfv,A,sg,possnp,act,sp,uniq,strg,,,,,,,
 - ńawrame lawi:,351,0,A,AV,NoPtcl,npst,ind,none,pfv,A,sg,possnp,act,sp,uniq,strg,,,,,,,
 - tiim āɣməŋ,352,,,,,,,,,,,,,,,,,,,,,,
" ꞩańe lāwi,",353,0,A,AV,NoPtcl,npst,ind,none,pfv,A,sg,possnp,act,sp,uniq,strg,,,,,,,
 - am ɔs tiim āɣməŋ,354,,,,,,,,,,,,,,,,,,,,,,
 ꞩańe l'aɣas – E,355,0,A,AV,NoPtcl,pst,ind,none,pfv,A,sg,possnp,act,sp,uniq,strg,,,,,,,
" āɣimēn, matɒs ul nɔ̄u̯χàtas, mēn pȯrmasanmēn",356,1,A,AxVP,NoPtcl,pst,ind,none,pfv,H,sg,possnp,act,sp,uniq,strg,,,,,,,
 tau̯ juw=ꞩāltəs,357,0,A,AV,NoPtcl,pst,ind,none,pfv,H,sg,zero,act,sp,uniq,strg,,,,,,,
 kitit ēt majlı̆mutane wisane ,358,1,AP,PV,NoPtcl,pst,ind,none,pfv,H,sg,zero,top,sp,uniq,strg,I,pl,possnp,fam,sp,uniq,strg
kȯna = kwals,359,0,A,V,NoPtcl,pst,ind,none,pfv,H,sg,zero,top,sp,uniq,strg,,,,,,,
 ꞩańe lāwi: - ,360,0,A,V,NoPtcl,npst,ind,none,pfv,A,sg,possnp,act,sp,uniq,strg,,,,,,,
lajen,361,X,A,V,NoPtcl,fut,imp,none,pfv,2,sg,zero,act,sp,uniq,strg,,,,,,,
" man āmpən tēwet, ",362,1,P,AV,NoPtcl,npst,ind,none,pfv,A,sg,barenp,typid,nonsp,nuniq,nfam,I,pl,zero,act,sp,uniq,strg
man matarən tēwet,363,1,P,AV,NoPtcl,npst,ind,none,pfv,A,sg,barenp,typid,nonsp,nuniq,nfam,I,pl,zero,act,sp,uniq,strg
" warmal' at'im,",364,,,,NoPtcl,,,neg,,,,,,,,,,,,,,,
 lajim,365,X,A,V,NoPtcl,pst,mir,none,pfv,2,sg,zero,act,sp,uniq,strg,,,,,,,
  lisane,366,1,AP,V,NoPtcl,pst,ind,none,pfv,H,sg,zero,act,sp,uniq,strg,I,pl,zero,act,sp,uniq,strg
" Ja ti, aɣikwe, χȯlit ēt ul'jiw tȯtne l'ɔ̄ŋχ pattan minen",367,0,A,V,NoPtcl,fut,imp,none,pfv,2,sg,zero,act,sp,uniq,strg,,,,,,,
" ul'jiw tȯtne l  pattam mineɣən, ",368,0,A,V,NoPtcl,fut,ind,none,pfv,2,sg,zero,act,sp,uniq,strg,,,,,,,
ɔnipən jȯt wowen,369,1,A,PV,NoPtcl,fut,imp,none,pfv,2,sg,zero,top,sp,uniq,strg,H,sg,possnp,fam,sp,uniq,strg
" Minas, ",370,0,A,V,NoPtcl,pst,ind,none,pfv,H,sg,zero,act,sp,uniq,strg,,,,,,,
juw ꞩāltɒs,371,0,A,V,NoPtcl,pst,ind,none,pfv,H,sg,zero,top,sp,uniq,strg,,,,,,,
" jol χujas, ",372,0,A,V,NoPtcl,pst,ind,none,pfv,H,sg,zero,top,sp,uniq,strg,,,,,,,
ań ȱ̭lme juwe,373,0,A,AV,NoPtcl,npst,ind,none,pfv,I,abst,possnp,ref,sp,nuniq,w_brdg,,,,,,,
" Ēte χȱ̭jɒs, ",374,0,A,V,NoPtcl,pst,ind,none,pfv,H,sg,zero,ref,sp,uniq,w_glob,,,,,,,
χɔ̄tale ɔ̄ls,375,0,A,V,NoPtcl,pst,ind,none,pfv,H,sg,zero,ref,sp,uniq,w_glob,,,,,,,
" tɔ̄ru̮w ė̄t'imɒs, ",376,0,A,AV,NoPtcl,pst,ind,none,pfv,I,sg,barenp,ref,sp,uniq,w_glob,,,,,,,
χujne pɔra jȯχtəs,377,0,A,AV,NoPtcl,pst,ind,none,pfv,I,abst,barenp,ref,sp,uniq,w_glob,,,,,,,
 ɔnipe nupəl lāws: = ,378,0,A,V,NoPtcl,pst,ind,none,pfv,H,sg,zero,act,sp,uniq,strg,,,,,,,
"ɔnipēkwe, ti ēt minimen, ul'jiu tȯtne l'ɔ̄ŋχ pattan",379,0,A,V,NoPtcl,fut,hort,none,pfv,1,du,zero,act,sp,uniq,strg,,,,,,,
 naŋ taχ sunseɣən ,380,X,A,AxV,NoPtcl,fut,ind,none,pfv,2,sg,pron,act,sp,uniq,strg,,,,,,,
matər tɔt tarapati ,381,0,A,AxV,NoPtcl,fut,ind,none,pfv,U,abst,indefp,undef,nonsp,nuniq,nfam,,,,,,,
"lāwəs, ",382,0,A,V,NoPtcl,pst,ind,none,pfv,H,sg,zero,act,sp,uniq,strg,,,,,,,
χujas,383,0,A,V,NoPtcl,pst,ind,none,pfv,H,sg,zero,top,sp,uniq,strg,,,,,,,
" karꞩ ȱsma pini, ",384,1,A,PV,NoPtcl,npst,ind,none,pfv,H,sg,zero,top,sp,uniq,strg,I,sg,barenp,typid,sp,uniq,strg
"jȯla ȱ̭ji,",385,0,A,V,NoPtcl,npst,ind,none,pfv,I,sg,zero,act,sp,uniq,strg,,,,,,,
 talkwa ȯsma ꞩɔ̄piti ,386,1,A,PV,NoPtcl,npst,ind,none,pfv,H,sg,zero,top,sp,uniq,strg,I,sg,barenp,typid,sp,uniq,strg
"nɔŋχa lapi, χūru̮m nɔr l'ul'itn",387,0,A,V,NoPtcl,npst,ind,none,pfv,I,sg,zero,act,sp,uniq,strg,,,,,,,
 ɔnipe jol'= ȯjilmatime,388,0,P,PV,NoPtcl,pst,evid,none,pfv,H,sg,possnp,act,sp,uniq,strg,,,,,,,
 ēt kot'l'iɣ jēmtəs,389,0,A,V,NoPtcl,pst,ind,none,pfv,,,,,,,,,,,,,,
 laws: ,390,0,A,V,NoPtcl,pst,ind,none,pfv,H,sg,zero,act,sp,uniq,strg,,,,,,,
ɔnip kwalen,391,0,A,V,NoPtcl,fut,imp,none,pfv,2,sg,zero,act,sp,uniq,strg,,,,,,,
 minne pɔra jȯχ təs,392,0,A,V,NoPtcl,pst,ind,none,pfv,I,abst,barenp,ref,sp,uniq,strg,,,,,,,
 χūru̮m pēramań majimutane wisane ,393,1,AP,PV,NoPtcl,pst,ind,none,pfv,H,sg,zero,act,sp,uniq,strg,I,pl,possnp,fam,sp,uniq,strg
"masχatsı̮ɣ, ",394,0,A,V,NoPtcl,pst,ind,none,pfv,H,du,zero,act,sp,uniq,strg,,,,,,,
 kȯna kwalsı̮ɣ V Ul,395,0,A,V,NoPtcl,pst,ind,none,pfv,H,du,zero,act,sp,uniq,strg,,,,,,,
 jiw tȯtne lɔ̄nχ χȯsit jɔmantası̮ɣ,396,0,A,V,NoPtcl,pst,ind,none,npfv,H,du,zero,act,sp,uniq,strg,,,,,,,
 jɔχtəsı̮ɣ,397,0,A,V,NoPtcl,pst,ind,none,pfv,H,du,zero,act,sp,uniq,strg,,,,,,,
 l'ul'eı̮ɣ,398,0,A,V,NoPtcl,npst,ind,none,npfv,H,du,zero,act,sp,uniq,strg,,,,,,,
" akw matert suiteı̮ɣ, ꞩāńntəl",399,0,A,V,NoPtcl,npst,ind,none,pfv,A,du,zero,fam,sp,uniq,strg,,,,,,,
 ńawrame lāwi:,400,0,A,AV,NoPtcl,npst,ind,none,pfv,A,sg,possnp,fam,sp,uniq,strg,,,,,,,
" - am tiim āɣməŋ, ",401,,,,NoPtcl,,,none,,,,,,,,,,,,,,,
" ꞩańe lawi,",402,0,A,AV,NoPtcl,npst,ind,none,pfv,A,sg,possnp,fam,sp,uniq,strg,,,,,,,
 am ɔs tiim āɣməŋ E,403,,,,NoPtcl,,,none,,,,,,,,,,,,,,,
 ńawramamēn mēn pȯrmasanɒmēn ul nȯw̯χàtas,404,1,A,APV,NoPtcl,pst,ind,none,pfv,H,sg,possnp,act,sp,uniq,strg,I,pl,possnp,ref,sp,uniq,w_brdg
" ɔ̄nipe lāwi, ",405,0,A,AV,NoPtcl,npst,ind,none,pfv,H,sg,possnp,act,sp,uniq,strg,,,,,,,
"āɣikwe, ti ēt ti purawamēn",406,X,P,V,ti,fut,ind,none,pfv,,,,,,,,1,du,zero,act,sp,uniq,strg
 - mańe lāwi: - ,407,0,A,AV,NoPtcl,npst,ind,none,pfv,H,sg,possnp,act,sp,uniq,strg,,,,,,,
"āt'i am ꞩāńu̮m ti,",408,,,,NoPtcl,,,none,,,,,,,,,,,,,,,
" at ne wāslən, ",409,1,AP,V,NoPtcl,pst,irr,neg,npfv,2,sg,zero,act,sp,uniq,strg,,,,,,,
"āpꞩim ta, lāwi",410,,,,NoPtcl,,,none,,,,,,,,,,,,,,,
" nan mȯl χotal jȯnɣəsən, ",411,0,A,AxV,NoPtcl,pst,ind,none,pfv,2,sg,pron,act,sp,uniq,strg,,,,,,,
nomsəɣən,412,0,A,V,NoPtcl,npst,ind,none,npfv,2,sg,zero,top,sp,uniq,strg,,,,,,,
"ti χȯlas, parəs,",413,0,A,V,ti,pst,ind,none,pfv,A,sg,zero,act,sp,uniq,strg,,,,,,,
 ań ise ti,414,,,,NoPtcl,,,none,,,,,,,,,,,,,,,
" - Ja ta, āɣikwe, matər tȯtsən, ",415,1,A,PV,NoPtcl,pst,ind,none,pfv,2,sg,zero,act,sp,uniq,strg,U,abst,indefp,undef,sp,uniq,strg
lajen,416,X,A,V,NoPtcl,fut,imp,none,pfv,2,sg,zero,act,sp,uniq,strg,,,,,,,
" kos āmpən tēwet, ",417,1,P,AV,NoPtcl,npst,ind,none,pfv,A,sg,barenp,,,,,I,pl,zero,act,sp,uniq,strg
"kos matarən tēwet, ",418,1,P,AV,NoPtcl,npst,ind,none,pfv,A,sg,barenp,,,,,I,pl,zero,act,sp,uniq,strg
"war mal' atim,",419,,,,NoPtcl,,,neg,,,,,,,,,,,,,,,
 lajen,420,X,A,V,NoPtcl,fut,imp,none,pfv,2,sg,zero,act,sp,uniq,strg,,,,,,,
 lisane,421,1,AP,V,NoPtcl,pst,ind,none,pfv,H,sg,zero,act,sp,uniq,strg,I,pl,zero,act,sp,uniq,strg
 ꞩāńe l'aɣas: - ti a,422,0,A,AV,NoPtcl,pst,ind,none,pfv,A,sg,possnp,act,sp,uniq,strg,,,,,,,
" ań χūrmit ēt, lawi,",423,0,A,V,NoPtcl,npst,ind,none,pfv,A,sg,zero,act,sp,uniq,strg,,,,,,,
"    χɔlitan taχ ńilit ēt, ",424,,,,NoPtcl,,,none,,,,,,,,,,,,,,,
 ēt kȯt'il' pɔrat ɔnipəntəl kona kualen,425,0,A,V,NoPtcl,fut,imp,none,pfv,2,sg,zero,act,sp,uniq,strg,,,,,,,
 tɔ̄ru̮m palt manaχ sāt sɔ̄w ɔ̄li,426,0,A,AV,NoPtcl,npst,ind,none,npfv,I,pl,barenp,ref,sp,uniq,nfam,,,,,,,
 lȯwinten,427,X,A,V,NoPtcl,fut,imp,none,pfv,2,sg,zero,act,sp,uniq,strg,,,,,,,
 ārı̮ɣ kit sɔ̄w tuw ke tēli,428,0,A,AV,NoPtcl,fut,irr,none,pfv,I,du,barenp,ref,sp,uniq,strg,,,,,,,
 mēn tuw pɔ̄simēn,429,0,A,AV,NoPtcl,fut,ind,none,npfv,1,du,pron,act,sp,uniq,strg,,,,,,,
" mēn pȯrmasan mēn naŋ nȯwχȧtmən āt'im, ",430,,,,NoPtcl,,,neg,,,,,,,,,,,,,,,
wēꞩkat ɔ̄lsən,431,0,A,V,NoPtcl,pst,ind,none,npfv,2,sg,zero,act,sp,uniq,strg,,,,,,,
" Ja ti, āɣikwe, pustaɣl ɔ̄lən, isəŋı̮ɣ=nɔ̄təŋı̮ɣ",432,0,A,V,NoPtcl,fut,imp,none,npfv,2,sg,zero,top,sp,uniq,strg,,,,,,,
 mēnmēn wāwen ti,433,,,,,,,,,,,,,,,,,,,,,,
 mēn lilijan men tɔ̄rumn nɔŋχa ta minasət,434,0,A,AxV,ta,pst,ind,none,pfv,I,pl,possnp,act,sp,uniq,strg,,,,,,,
 ɔs jɔmas ȱ̭lu̮m wārsət ,435,1,A,PV,NoPtcl,pst,ind,none,pfv,H,pl,zero,act,sp,uniq,strg,,,,,,,
juwl'e jȯmantası̮ɣ,436,0,A,V,NoPtcl,pst,ind,none,pfv,H,du,zero,act,sp,uniq,strg,,,,,,,
 juw-joχtəm χujası̮ɣ,437,0,A,V,NoPtcl,pst,ind,none,pfv,H,du,zero,top,sp,uniq,strg,,,,,,,
 χɔtalēn ɔ̄lsı̮ɣ,438,0,A,V,NoPtcl,pst,ind,none,pfv,H,du,zero,top,sp,uniq,strg,,,,,,,
 tɔ̄ru̮m ē̇t'imɒs,439,0,A,AV,NoPtcl,pst,ind,none,pfv,I,sg,barenp,ref,sp,uniq,w_glob,,,,,,,
 χujne pɔra jȯχtəs,440,0,A,AV,NoPtcl,pst,ind,none,pfv,I,abst,barenp,ref,sp,uniq,w_glob,,,,,,,
 ɔnipe nupəl lāwi: - ,441,0,A,V,NoPtcl,npst,ind,none,pfv,H,sg,zero,act,sp,uniq,strg,,,,,,,
"naŋ jānı̮ɣ χɔtpa,",442,,,,NoPtcl,,,none,,,,,,,,,,,,,,,
" naŋ ērəŋ nȯmt ɔńꞩeɣən, ",443,1,A,AxPV,NoPtcl,npst,ind,none,npfv,2,sg,pron,act,sp,uniq,strg,I,abst,barenp,ref,sp,uniq,w_brdg
tɔ̄ru̮m palt manaχ sɔ̄w ɔ̄li,444,0,A,AV,NoPtcl,npst,ind,none,npfv,I,pl,barenp,ref,sp,uniq,strg,,,,,,,
"naŋ nȯmijan, ",445,1,AP,AV,NoPtcl,npst,ind,none,npfv,2,sg,pron,act,sp,uniq,strg,,,,,,,
am nȯmt mȯꞩ̄a,446,,,,NoPtcl,,,none,,,,,,,,,,,,,,,
" tı̮ɣəl χujimēn, ",447,0,A,V,NoPtcl,fut,hort,none,pfv,1,du,zero,act,sp,uniq,strg,,,,,,,
ēt kȯt'l' pɔrat nɔŋχa kwalimen,448,0,A,V,NoPtcl,fut,hort,none,pfv,1,du,zero,act,sp,uniq,strg,,,,,,,
" Tɔ̄ru̮m ti ēt, jɔmas ēt, sistam ēt wāri",449,1,A,APV,NoPtcl,npst,ind,none,pfv,H,sg,barenp,fam,sp,uniq,strg,I,sg,demnp,ref,sp,uniq,nfam
 Ti χo̭jası̮ɣ,450,0,A,V,ti,pst,ind,none,pfv,H,du,zero,act,sp,uniq,strg,,,,,,,
" karꞩ ɔsma pini, ",451,1,A,PV,NoPtcl,npst,ind,none,pfv,H,sg,zero,act,sp,uniq,strg,I,sg,barenp,typid,sp,uniq,strg
"akw nɔr l'ul'itn jȯla ꞩalti, … lapi",452,0,A,V,NoPtcl,npst,ind,none,pfv,I,sg,zero,act,sp,uniq,strg,,,,,,,
ēt kȯt'l' porat nɔŋχa-sajkals̥,453,0,A,V,NoPtcl,pst,ind,none,pfv,H,sg,zero,act,sp,uniq,strg,,,,,,,
" ɔnip ekwam, lawi, ",454,0,A,V,NoPtcl,npst,ind,none,pfv,H,sg,zero,top,sp,uniq,strg,,,,,,,
"sajkataχtən, nɔŋχa, ",455,0,A,V,NoPtcl,fut,imp,none,pfv,2,sg,zero,act,sp,uniq,strg,,,,,,,
kȯna=kwalimēn,456,0,A,V,NoPtcl,fut,hort,none,pfv,1,du,zero,act,sp,uniq,strg,,,,,,,
" Nɔ̄ŋχ= l'ul'sı̮ɣ, ",457,0,A,V,NoPtcl,pst,ind,none,pfv,H,du,zero,act,sp,uniq,strg,,,,,,,
"jɔmas tɔr, jɔmas sāɣı̮ warsı̮ɣ",458,1,A,PV,NoPtcl,pst,ind,none,pfv,H,du,zero,top,sp,uniq,strg,I,sg,barenp,ref,sp,nuniq,nfam
 kwalsı̮ɣ kȯna,459,0,A,V,NoPtcl,pst,ind,none,pfv,H,du,zero,top,sp,uniq,strg,,,,,,,
 Tɔ̄rum jɔmas ēt wārum,460,1,A,APV,NoPtcl,pst,evid,none,pfv,H,sg,barenp,act,sp,uniq,strg,I,sg,barenp,ref,sp,nuniq,nfam
" - Ja, ɔni pu̮m ēkwa, nɔ̄ŋχal' sunsen,",461,0,A,V,NoPtcl,fut,imp,none,pfv,2,sg,zero,act,sp,uniq,strg,,,,,,,
" jȯli mā mana janit, numi tɔ̄rum ɔs akw ti janit",462,,,,NoPtcl,,,none,,,,,,,,,,,,,,,
 numən pɔsəŋ sɔ̄wət lȯwinten,463,1,A,PV,NoPtcl,fut,imp,none,pfv,2,sg,zero,act,sp,uniq,strg,I,pl,barenp,ref,sp,nuniq,nfam
 Lȯwintaŋkwe pirmajtas,464,0,INF-A,PV,NoPtcl,pst,ind,none,pfv,H,sg,zero,top,sp,uniq,strg,,,,,,,
" Lȯwintas,",465,X,A,V,NoPtcl,pst,ind,none,pfv,H,sg,zero,top,sp,uniq,strg,,,,,,,
" mataχ mat sāt sɔ̄w lȯwintas,",466,1,A,PV,NoPtcl,pst,ind,none,pfv,H,sg,zero,top,sp,uniq,strg,I,pl,barenp,ref,sp,nuniq,nfam
 kit sɔ̄w ārı̮ɣ,467,,,,NoPtcl,,,none,,,,,,,,,,,,,,,
" kitəntı̮ɣ lȯwintas, ",468,X,A,V,NoPtcl,pst,ind,none,pfv,H,sg,zero,act,sp,uniq,strg,,,,,,,
"ɔs kit sɔ̄w ārı̮ɣ,",469,,,,,,,,,,,,,,,,,,,,,,
 χuru lon ārı̮ɣ,470,X,A,V,NoPtcl,pst,ind,none,pfv,H,sg,zero,,,,,,,,,,,
" akwate mań, akwate jānı̮ɣ",471,,,,NoPtcl,,,none,,,,,,,,,,,,,,,
"Ti ɔ  ekwan, mol χɔtɒl ul' jtȯtne l'ɔ̄ŋχ pattat ta sun səslən, ",472,1,AP,V,ta,pst,ind,none,pfv,2,sg,zero,act,sp,uniq,strg,,,,,,,
"χurijanēn, ań tuw̯ ta pɔ̄ssət, tɔ̄rumn",473,0,A,AxV,ta,pst,ind,none,npfv,I,pl,possnp,act,sp,uniq,strg,,,,,,,
"    minası̮ɣ,",474,0,A,V,NoPtcl,pst,ind,none,pfv,H,du,zero,act,sp,uniq,strg,,,,,,,
 juw ꞩaltsı̮ɣ,475,0,A,V,NoPtcl,pst,ind,none,pfv,H,du,zero,top,sp,uniq,strg,,,,,,,
" ēla ɔ̄lmı̮ɣtası̮t, ",476,0,A,V,NoPtcl,pst,ind,none,pfv,H,du,zero,top,sp,uniq,strg,,,,,,,
ela χȯ̭lmı̮ɣtasət,477,0,A,V,NoPtcl,pst,ind,none,pfv,H,du,zero,top,sp,uniq,strg,,,,,,,
" χuı̯ası̮ɣ, ",478,0,A,V,NoPtcl,pst,ind,none,pfv,H,du,zero,top,sp,uniq,strg,,,,,,,
"nɔŋχ kwalsı̮ɣ, - ",479,0,A,V,NoPtcl,pst,ind,none,pfv,H,du,zero,top,sp,uniq,strg,,,,,,,
"ja, āki, lāwi,",480,0,A,V,NoPtcl,npst,ind,none,pfv,H,sg,zero,act,sp,uniq,strg,,,,,,,
 sāŋkwəl tapən nɔŋχ=wȯjeln,481,1,AP,PV,NoPtcl,fut,imp,none,pfv,2,sg,zero,act,sp,uniq,strg,I,sg,possnp,ref,sp,uniq,w_brdg
 ań sāŋkulten,482,0,A,V,NoPtcl,fut,imp,none,pfv,2,sg,zero,act,sp,uniq,strg,,,,,,,
" jɔmɒs tɔr, jɔmas ȱ̭lam masas",483,1,A,PV,NoPtcl,pst,ind,none,pfv,H,sg,zero,act,sp,uniq,strg,I,sg,barenp,ref,sp,uniq,w_brdg
" - ja ti, ākijaɣu̮m=ɔ̄nipaɣu̮m, mȯl χɔ̄tɒl lawijin, ",484,0,A,V,NoPtcl,npst,ind,none,pfv,2,du,zero,act,sp,uniq,strg,,,,,,,
"jikwen,",485,0,A,V,NoPtcl,fut,imp,none,npfv,2,sg,zero,act,sp,uniq,strg,,,,,,,
" am ꞩańum χumus jikwilum, ",486,1,AP,APxV,NoPtcl,npst,ind,quest,pfv,1,sg,pron,act,sp,uniq,strg,A,sg,possnp,act,sp,uniq,strg
"ꞩāńum nan akw ti alaslən, ",487,1,AP,PAV,ti,pst,ind,none,pfv,2,pl,pron,act,sp,uniq,strg,A,sg,possnp,top,sp,uniq,strg
man ꞩɔrumpatas,488,0,A,V,NoPtcl,pst,ind,none,pfv,A,sg,zero,top,sp,uniq,strg,,,,,,,
 anumn sāl,489,,,,NoPtcl,,,none,,,,,,,,,,,,,,,
" am ań wāɣlum,",490,1,AP,AxV,NoPtcl,npst,ind,none,npfv,1,sg,pron,act,sp,uniq,strg,,,,,,,
" tau lilite, χurite ań χɔtal' pɔsɒs, ",491,0,A,AxV,NoPtcl,pst,ind,none,npfv,I,sg,possnp,act,sp,uniq,strg,,,,,,,
ań an wāɣlum,492,1,AP,AV,NoPtcl,npst,ind,none,npfv,1,sg,pron,act,sp,uniq,strg,,,,,,,
 saŋkulten,493,0,A,V,NoPtcl,fut,imp,none,npfv,2,sg,zero,act,sp,uniq,strg,,,,,,,
 am weꞩelitaχteɣu̮m,494,0,A,AV,NoPtcl,npst,ind,none,npfv,1,sg,pron,act,sp,uniq,strg,,,,,,,