,No,Trans,Form,W-ord,Ptcl,Tns,Mood,SenT,Pfv,S-anim,S-Numb,A-rform,A-rstat,A-sp,A-uniq,A-fam,O-anim,O-Numb,O-rform,O-rstat,O-sp,O-uniq,O-fam,Comment
Ali ńaltɒŋ ȯln āni,0,,,,,,,,,,,,,,,,,,,,,,,
 Pulŋau̯t ta palt ı̯ɔ̄rnət ɔlèɣt,1,0,A,AV,NoPtcl,npst,ind,none,npfv,H,pl,barenp,typid,nonsp,nuniq,nfam,,,,,,,,
 χul alne māt sāli tal ɔ̄lèɣt,2,0,A,V,NoPtcl,npst,ind,none,npfv,H,pl,zero,act,sp,uniq,strg,,,,,,,,
" tuı̯ian t'a tɔ̄lɣèɣt, ",3,0,A,V,ta,npst,ind,none,npfv,H,pl,zero,top,sp,uniq,strg,,,,,,,,
nēmatər tɔ̄rəŋ at alèɣt,4,1,A,PxV,NoPtcl,npst,ind,neg,npfv,H,pl,zero,top,sp,uniq,strg,U,abst,negp,undef,nonsp,nuniq,nfam,
 aleɣt kos mȯsa ,5,X,A,V,NoPtcl,npst,ind,none,npfv,H,pl,zero,top,sp,uniq,strg,,,,,,,,
tūp tēne sawit aleɣt,6,1,A,PV,NoPtcl,npst,ind,none,npfv,H,pl,zero,top,sp,uniq,strg,I,abst,barenp,typid,sp,nuniq,nfam,
" akw tuu̯ toχ ɔ̄lnènəl χalt tɔ̄lı̮ɣ rēpı̮ɣtasət, ",7,1,A,PV,NoPtcl,pst,ind,none,pfv,H,pl,zero,top,sp,uniq,strg,I,sg,barenp,typid,sp,uniq,nfam,
"paı̮ɣ ı̯ɔ̄ŋχtsasanəl, ",8,1,AP,V,NoPtcl,pst,ind,none,pfv,H,pl,zero,top,sp,uniq,strg,I,sg,zero,act,sp,uniq,strg,
χartsət ,9,X,A,V,NoPtcl,pst,ind,none,pfv,H,pl,zero,top,sp,uniq,strg,,,,,,,,
wası̮ɣ at wērmeɣt,10,X,A,V,NoPtcl,npst,ind,neg,npfv,H,pl,zero,top,sp,uniq,strg,,,,,,,,
" tau̯, manurəl, nōmseɣt tarwitəŋ? ",11,0,A,V,NoPtcl,npst,ind,none,pfv,H,pl,zero,top,sp,uniq,strg,,,,,,,,
"paluw kos sunsiɣlaŋkwe patsət, χāpəl,",12,0,INF-A,PV,NoPtcl,pst,ind,none,pfv,H,pl,zero,top,sp,uniq,strg,,,,,,,,
 - tɔ̄lı̮ɣ tāɣla χul! ,13,,,,NoPtcl,,,none,,,,,,,,,,,,,,,,
"tuu̯l laweɣt, ",14,0,A,V,NoPtcl,npst,ind,none,pfv,H,pl,zero,act,sp,uniq,strg,,,,,,,,
"mań tɔ̄lı̮ɣ, kiwrenəl χūl pāɣ wı̮ɣuw",15,1,A,PV,NoPtcl,fut,hort,none,pfv,1,pl,zero,act,sp,uniq,sap,I,mass,barenp,act,sp,uniq,strg,
" χūl mȯssal paɣ χartsanəl, ",16,1,AP,PxV,NoPtcl,pst,ind,none,pfv,H,pl,zero,act,sp,uniq,strg,I,mass,barenp,act,sp,uniq,strg,
paɣ tosam man ta ateɣt,17,X,A,V,ta,npst,ind,none,pfv,H,pl,zero,top,sp,uniq,strg,,,,,,,,
 sir sir χul tot ɔ̄li! ,18,0,A,AxV,NoPtcl,npst,ind,none,npfv,I,mass,barenp,,,,,,,,,,,,
laꞩal laꞩal tuu̯ paɣ χartsət,19,X,A,V,NoPtcl,pst,ind,none,npfv,H,pl,zero,act,sp,uniq,strg,,,,,,,,
 at ı̯anı̮ɣ sāt pɔt paɣ ta ı̯ɔ̄ŋχtasət! ,20,1,A,PV,ta,pst,ind,none,pfv,H,pl,zero,top,sp,uniq,strg,I,pl,barenp,ref,sp,uniq,w_prcp,
laweɣt: ,21,0,A,V,NoPtcl,npst,ind,none,pfv,H,pl,zero,top,sp,uniq,strg,,,,,,,,
 ı̯u urtew - a - ,22,X,A,V,NoPtcl,fut,ind,quest,pfv,1,pl,zero,act,sp,uniq,sap,,,,,,,,
manare urtew? ,23,1,A,PV,NoPtcl,fut,ind,quest,npfv,1,pl,zero,top,sp,uniq,sap,U,abst,indefp,undef,nonsp,nuniq,nfam,
manakem wermeɣən ,24,1,A,PV,NoPtcl,npst,ind,none,npfv,2,sg,zero,typid,nonsp,nuniq,sap,U,abst,indefp,undef,nonsp,nuniq,nfam,
tii wȯı̯en! ,25,1,A,PV,NoPtcl,fut,imp,none,pfv,2,sg,zero,typid,nonsp,nuniq,sap,I,abst,demp,ref,sp,nuniq,strg,
"tuwəl witəl kos lou̯tawès, ",26,X,P,V,NoPtcl,pst,ind,none,pfv,,,,,,,,I,sg,zero,ref,sp,uniq,nfam,
sunseɣt ɔ̄ln āni,27,X,A,V,NoPtcl,npst,ind,none,npfv,H,pl,zero,act,sp,uniq,strg,,,,,,,,
 tuwl ɔ̄s χɔt taml'e ānit χɔ̄ntwes,28,X,P,V,NoPtcl,pst,ind,none,pfv,,,,,,,,I,sg,barenp,act,sp,uniq,strg,
" saka saw χūl χalt, sunseɣt, ȯln āni",29,X,A,V,NoPtcl,npst,ind,none,npfv,H,pl,zero,act,sp,uniq,strg,,,,,,,,
 mȯꞩ rukətnūu̯ χanime,30,X,P,V,NoPtcl,pst,evid,none,pfv,,,,,,,,I,sg,zero,act,sp,uniq,strg,
 tuu̯l lā weɣt - ,31,0,A,V,NoPtcl,npst,ind,none,pfv,H,pl,zero,act,sp,uniq,strg,,,,,,,,
"χotı̯utn ēri, ",32,0,A,V,NoPtcl,npst,ind,none,npfv,I,sg,zero,act,sp,uniq,strg,,,,,,,,
wos wiwe,33,X,P,V,NoPtcl,fut,opt,none,pfv,,,,,,,,I,sg,zero,top,sp,uniq,strg,
 aku χum lāwi,34,0,A,AV,NoPtcl,npst,ind,none,pfv,H,sg,barenp,typid,sp,nuniq,nfam,,,,,,,,
" ánum at ēri, ",35,0,A,V,NoPtcl,npst,ind,neg,npfv,I,sg,zero,act,sp,uniq,strg,,,,,,,,
 mot χum lāwi,36,0,A,AV,NoPtcl,npst,ind,none,pfv,H,sg,barenp,typid,sp,nuniq,nfam,,,,,,,,
 ánum at ēri,37,0,A,V,NoPtcl,npst,ind,neg,npfv,I,sg,zero,act,sp,uniq,strg,,,,,,,,
 tuu̯l aku̯ χum lāwi - ,38,0,A,AV,NoPtcl,npst,ind,none,pfv,H,sg,barenp,typid,sp,nuniq,nfam,,,,,,,,
am wı̮ɣum,39,X,A,AV,NoPtcl,fut,ind,none,pfv,1,sg,pron,act,sp,uniq,sap,,,,,,,,
" wı̮ɣŭm, ",40,X,A,V,NoPtcl,fut,ind,none,pfv,1,sg,zero,act,sp,uniq,sap,,,,,,,,
kȯlŭmn ı̯uu̯ tūlilŭm,41,1,AP,V,NoPtcl,fut,ind,none,pfv,1,sg,zero,act,sp,uniq,sap,I,sg,zero,act,sp,uniq,strg,
" ı̯uu̯ ı̯als, ",42,0,A,V,NoPtcl,pst,ind,none,pfv,H,sg,zero,act,sp,uniq,strg,,,,,,,,
tɔ̄r lomt totəs,43,1,A,PV,NoPtcl,pst,ind,none,pfv,H,sg,zero,top,sp,uniq,strg,I,sg,barenp,typid,sp,nuniq,nfam,
" sām mańsiŋ tɔ̄r arsinəl tuu̯ neχsalaste, ",44,1,AP,V,NoPtcl,pst,ind,none,pfv,H,sg,zero,top,sp,uniq,strg,I,sg,zero,act,sp,uniq,strg,
"ı̯uu̯ tūləste,",45,1,AP,V,NoPtcl,pst,ind,none,pfv,H,sg,zero,top,sp,uniq,strg,I,sg,zero,act,sp,uniq,strg,
 muln kȯl au̯lan ta nēɣəste,46,1,AP,V,ta,pst,ind,none,pfv,H,sg,zero,top,sp,uniq,strg,I,sg,zero,act,sp,uniq,strg,
" tau̯ tulme χurmit χōtal, takwi āɣməl ı̯ēmtəs",47,0,A,AxV,NoPtcl,pst,ind,none,pfv,H,sg,pron,top,sp,uniq,strg,,,,,,,,
" χūrŭm χɔtɒl ɔ̄ls, ",48,0,A,V,NoPtcl,pst,ind,none,pfv,H,sg,zero,,,,,,,,,,,,
tuwəl āɣməl ı̯ēmtmè χūrmit χɔ̄tɒl sȯrum ta pats,49,0,A,V,ta,pst,ind,none,pfv,H,sg,zero,act,sp,uniq,strg,,,,,,,,
" sȯrumpatne porat tau̯ ńawamene, ēkwate nupəl lāws - ",50,0,A,V,NoPtcl,pst,ind,none,pfv,H,sg,zero,top,sp,uniq,strg,,,,,,,,
"am sōrumna - ke pateɣŭm,",51,0,A,AV,NoPtcl,fut,irr,none,pfv,1,sg,pron,top,sp,uniq,sap,,,,,,,,
 ti āni mot kȯln wos totawe,52,X,P,PxV,NoPtcl,fut,opt,none,pfv,,,,,,,,I,sg,demnp,act,sp,uniq,strg,
" sɔ̄l', ta χɔ̄tɒl lāws, ",53,0,A,V,NoPtcl,pst,ind,none,pfv,H,sg,zero,act,sp,uniq,strg,,,,,,,,
"ētimɒs, ",54,0,A,V,NoPtcl,pst,ind,none,pfv,,,,,,,,,,,,,,,
sorumn ta pats,55,0,A,V,ta,pst,ind,none,pfv,H,sg,zero,act,sp,uniq,strg,,,,,,,,
" tau̯ sorŭmpats, ",56,0,A,AxV,NoPtcl,pst,ind,none,pfv,H,sg,pron,top,sp,uniq,strg,,,,,,,,
ɔ̄ln āni wȯı̯wès,57,X,P,PV,NoPtcl,pst,ind,none,pfv,,,,,,,,I,sg,barenp,act,sp,uniq,strg,
 mot ı̯ɔ̄ru kȯln ta tūlwès,58,X,P,V,ta,pst,ind,none,pfv,,,,,,,,I,sg,zero,act,sp,uniq,strg,
 ɔ̄s akw ta sirəl kȯl anlan tuu̯ nēı̮ɣwès,59,X,P,V,NoPtcl,pst,ind,none,pfv,,,,,,,,I,sg,zero,act,sp,uniq,strg,
" ta χum ꞩɔ̄pitame χɔ̄tɒl, mot kōlt, χɔ̄ti kȯln totwès, ",60,X,P,V,NoPtcl,pst,ind,none,pfv,,,,,,,,I,sg,zero,act,sp,uniq,strg,
χumāɣməl ı̯ēmtəs,61,0,A,AxV,NoPtcl,pst,ind,none,pfv,H,sg,barenp,typid,sp,nuniq,nfam,,,,,,,,
 āɣməl ı̯ēmtəs,62,0,A,V,NoPtcl,pst,ind,none,pfv,H,sg,zero,typid,sp,nuniq,nfam,,,,,,,,
" āɣməl ı̯ēmtme χūrmit χɔ̄tɒl, sōrumn ɔ̄s ta pats",63,0,A,V,ta+,pst,ind,none,pfv,H,sg,zero,typid,sp,nuniq,nfam,,,,,,,,
" ta χum sorumpats, ",64,0,A,AV,NoPtcl,pst,ind,none,pfv,H,sg,demnp,typid,sp,nuniq,nfam,,,,,,,,
āni wisanəl,65,1,AP,PV,NoPtcl,pst,ind,none,pfv,H,pl,zero,typid,nonsp,nuniq,nfam,I,sg,barenp,act,sp,uniq,strg,
 ɔ̄s χūrmit kȯln totwès,66,X,P,V,NoPtcl,pst,ind,none,pfv,,,,,,,,I,sg,zero,act,sp,uniq,strg,
" χurmit kȯln tūlwes,",67,X,P,V,NoPtcl,pst,ind,none,pfv,,,,,,,,I,sg,zero,act,sp,uniq,strg,
  ɔs kȯl aulan mulɣa nēı̮ɣwès,68,X,P,V,NoPtcl,pst,ind,none,pfv,,,,,,,,I,sg,zero,act,sp,uniq,strg,
" mulɣa neı̮ɣwes, ",69,X,P,V,NoPtcl,pst,ind,none,pfv,,,,,,,,I,sg,zero,act,sp,uniq,strg,
"tuwl ta kȯlt ɔ̄lne χum ɔ̄s āɣməl ı̯ēmtəs, ",70,0,A,AxV,NoPtcl,pst,ind,none,pfv,H,sg,barenp,typid,sp,nuniq,nfam,,,,,,,,
ɔ̄s āɣməl ı̯ēmtme χurmit χɔ̄tɒl ta sȯrumpats,71,0,A,V,ta,pst,ind,none,pfv,H,sg,zero,typid,sp,nuniq,nfam,,,,,,,,
 tuwəl laweɣt,72,0,A,V,NoPtcl,npst,ind,none,pfv,H,pl,zero,typid,nonsp,nuniq,nfam,,,,,,,,
 - χuml'e wası̮ɣ ɔńꞩew? ,73,X,A,V,NoPtcl,fut,ind,quest,npfv,1,pl,zero,act,sp,uniq,sap,,,,,,,,
ɔ̄ńꞩuŋkwe aman at rɔ̄wi? ,74,0,INF-A,AxV,NoPtcl,npst,ind,quest/neg,npfv,,,,,,,,,,,,,,,
"tuwəl ta ꞩirəl sāt kȯln tulı̮ɣla wes, ",75,X,P,V,NoPtcl,pst,ind,none,pfv,,,,,,,,I,sg,zero,top,sp,uniq,strg,
sat χum sȯrumpats ,76,0,A,AV,NoPtcl,pst,ind,none,pfv,H,pl,barenp,ref,sp,uniq,nfam,,,,,,,,
"(ta ı̯ui palt ɔs ńila kȯln mus tūlı̮ɣlawès,",77,X,P,V,NoPtcl,pst,ind,none,pfv,,,,,,,,I,sg,zero,act,sp,uniq,strg,
 ńila χum ɔ̄s sȯrunpats) ,78,0,A,AxV,NoPtcl,pst,ind,none,pfv,H,pl,barenp,ref,sp,uniq,nfam,,,,,,,,
tuwəl ta laweɣt - ,79,0,A,V,ta,npst,ind,none,pfv,H,pl,zero,act,sp,uniq,strg,,,,,,,,
sāt kol mus sāt ēlmχolɒs sorum pats,80,0,A,AV,NoPtcl,pst,ind,none,pfv,H,pl,barenp,ref,sp,uniq,strg,,,,,,,,
" tuwəl ı̯ɔ̄rn pēnɣəl, lāwi - ",81,0,A,AV,NoPtcl,npst,ind,none,pfv,H,sg,barenp,uniq,sp,uniq,nfam,,,,,,,,
"ı̯un, kȯl kiwərn tūluŋkwe ꞩar at rɔ̄wi!",82,0,INF-A,AxV,NoPtcl,npst,ind,neg,npfv,,,,,,,,,,,,,,,
 sātit kȯl sist mań χāl’ ɔ̄li,83,0,A,AV,NoPtcl,npst,ind,none,npfv,I,sg,barenp,typid,sp,uniq,nfam,,,,,,,,
" ta mań χāl'n, tuu̯ nēɣèln,",84,1,AP,V,NoPtcl,fut,imp,none,pfv,2,pl,zero,act,sp,uniq,sap,I,sg,zero,act,sp,uniq,strg,
tot wos ɔ̄li,85,0,A,V,NoPtcl,fut,opt,none,npfv,I,sg,zero,act,sp,uniq,strg,,,,,,,,
 tuwəl pīnɣən ı̯ɔ̄rn lāwi - ,86,0,A,AV,NoPtcl,npst,ind,none,pfv,H,sg,barenp,act,sp,uniq,strg,,,,,,,,
"mir pusən wos atχateɣt,",87,0,A,AxV,NoPtcl,fut,opt,none,pfv,H,pl,barenp,act,sp,uniq,strg,,,,,,,,
" ı̯ȯmɒꞩakwe pēuɣuŋkwe ēri,",88,0,INF-A,AV,NoPtcl,npst,ind,none,npfv,,,,,,,,,,,,,,,
 χɔ̄tı̯utna ɔ̄ń ꞩawe,89,1,P,AV,NoPtcl,fut,ind,none,npfv,U,abst,indefp,undef,nonsp,nuniq,nfam,I,sg,zero,act,sp,uniq,strg,
 tāraŋı̮ɣ pati,90,0,A,V,NoPtcl,fut,ind,none,pfv,,,,,,,,,,,,,,,
 χɔ̄tı̯utna ɔ̄ńꞩuŋkwe rɔ̄wi,91,0,INF-A,AV,NoPtcl,npst,ind,none,npfv,,,,,,,,,,,,,,,
" tuwəl mir atχatsət, ",92,0,A,AV,NoPtcl,pst,ind,none,pfv,H,pl,barenp,act,sp,uniq,strg,,,,,,,,
ńaı̯t tuwəl pērı̯aŋkwe patsət,93,0,INF-A,AxPV,NoPtcl,pst,ind,none,pfv,H,pl,barenp,ref,sp,uniq,nfam,,,,,,,,
 saka sāu̯ kȯı̯up rātne ı̯ɔ̄rn ɔ̄ls,94,0,A,AV,NoPtcl,pst,ind,none,npfv,H,pl,barenp,ref,sp,uniq,nfam,,,,,,,,
" χalanəlt ta kos pērı̯awe,",95,X,P,V,ta+,fut,ind,none,pfv,,,,,,,,H,sg,zero,undef,sp,nuniq,nfam,
" tai maɣəs ꞩar koı̯up at rāteɣt, ",96,1,A,PV,NoPtcl,npst,ind,neg,npfv,H,pl,zero,act,sp,uniq,strg,I,sg,barenp,typid,nonsp,nuniq,nfam,
"at kasaꞩeɣt,",97,0,A,V,NoPtcl,npst,ind,neg,npfv,H,pl,zero,act,sp,uniq,strg,,,,,,,,
   saka kos kȯı̯upəŋ ńāı̯t,98,,,,NoPtcl,,,none,,,,,,,,,,,,,,,,
" tuwəl ɔ̄s waɣanəl, ",99,1,AP,V,NoPtcl,npst,ind,none,npfv,H,pl,zero,act,sp,uniq,strg,,,,,,,,
āɣi ɔ̄li,100,0,A,AV,NoPtcl,npst,ind,none,npfv,H,sg,barenp,typid,sp,uniq,nfam,,,,,,,,
 ta āɣi ꞩar paı̯um ńāı̯t  kȯı̯upəŋ ńāı̯t,101,,,,NoPtcl,,,none,,,,,,,,,,,,,,,,
 tuwəl mir lāweɣt - ,102,0,A,AV,NoPtcl,npst,ind,none,pfv,H,pl,barenp,act,sp,uniq,strg,,,,,,,,
naŋ ti kȯı̯up rāten - ,103,1,A,APV,NoPtcl,fut,imp,none,npfv,2,sg,pron,ref,sp,uniq,sap,I,sg,demnp,ref,sp,uniq,nfam,
"rɔ̄wi tuwəl anŭm,",104,0,A,V,NoPtcl,npst,ind,none,npfv,,,,,,,,,,,,,,,
 rāteɣŭm,105,X,A,V,NoPtcl,fut,ind,none,pfv,1,sg,zero,act,sp,uniq,sap,,,,,,,,
 anum rɔ̄wi,106,0,A,V,NoPtcl,npst,ind,none,npfv,,,,,,,,,,,,,,,
 akw ı̯ɔ̄rn sunènəl kȯı̯up ti tūls,107,1,A,AxPV,ti,pst,ind,none,pfv,H,sg,barenp,ref,sp,nuniq,nfam,I,sg,barenp,act,sp,uniq,strg,
 ul'aŋ kȯln ti tūls,108,X,A,V,ti,pst,ind,none,pfv,H,sg,zero,ref,sp,nuniq,nfam,,,,,,,,
" ul'a nɔŋχ palt wès,",109,X,P,PV,NoPtcl,pst,ind,none,pfv,,,,,,,,If,sg,barenp,typid,sp,uniq,nfam,
 kȯı̯up ta isəltawès,110,X,P,PV,ta,pst,ind,none,pfv,,,,,,,,I,sg,barenp,act,sp,uniq,strg,
" kȯı̯up isəlɒs, ",111,0,A,AV,NoPtcl,pst,ind,none,pfv,I,sg,barenp,top,sp,uniq,strg,,,,,,,,
lāweɣt: - ,112,0,A,V,NoPtcl,npst,ind,none,pfv,H,pl,zero,act,sp,uniq,strg,,,,,,,,
"ań āɣi wos ı̯uu̯, ",113,0,A,AV,NoPtcl,fut,opt,none,pfv,H,sg,barenp,act,sp,uniq,strg,,,,,,,,
wos wı̮ɣte,114,1,AP,V,NoPtcl,fut,opt,none,pfv,H,sg,zero,top,sp,uniq,strg,I,sg,zero,top,sp,uniq,strg,
" wowwes, ",115,X,P,V,NoPtcl,pst,ind,none,pfv,,,,,,,,H,sg,zero,top,sp,uniq,strg,
"tuu̯ ta ꞩaltəs, koı̯up isəl tan kȯln",116,0,A,V,ta,pst,ind,none,pfv,H,sg,zero,top,sp,uniq,strg,,,,,,,,
 koı̯up tawen ta maı̯wès ,117,1,P,PxV,ta,pst,ind,none,pfv,H,sg,pron,top,sp,uniq,strg,I,sg,barenp,act,sp,uniq,strg,
kātèn ta wiste,118,1,AP,V,ta,pst,ind,none,pfv,H,sg,zero,top,sp,uniq,strg,I,sg,zero,top,sp,uniq,strg,
" wiste, ",119,1,AP,V,NoPtcl,pst,ind,none,pfv,H,sg,zero,top,sp,uniq,strg,I,sg,zero,top,sp,uniq,strg,
"moꞩ isəltalas, ",120,X,A,V,NoPtcl,pst,ind,none,pfv,H,sg,zero,top,sp,uniq,strg,,,,,,,,
takwi katəl ı̯il'piliɣ ulan isəltaste,121,1,AP,V,NoPtcl,pst,ind,none,pfv,H,sg,zero,top,sp,uniq,strg,I,sg,zero,top,sp,uniq,strg,
" ta rataꞩ laŋkwe pats, ",122,0,INF-A,PV,ta,pst,ind,none,pfv,H,sg,zero,top,sp,uniq,strg,,,,,,,,
ta kaı̯aꞩli,123,0,A,V,ta,npst,ind,none,npfv,H,sg,zero,top,sp,uniq,strg,,,,,,,,
" kaı̯aꞩlaŋkwe pats, ",124,0,INF-A,PV,NoPtcl,pst,ind,none,pfv,H,sg,zero,top,sp,uniq,strg,,,,,,,,
ta lāwi,125,0,A,V,ta,npst,ind,none,pfv,H,sg,zero,top,sp,uniq,strg,,,,,,,,
 - ti ɔ̄ln ani saka tiniŋ,126,,,,NoPtcl,,,none,,,,,,,,,,,,,,,,
 saka sāw tɔ̄rŭm tot ɔ̄li,127,0,A,AxV,NoPtcl,npst,ind,none,npfv,H,pl,barenp,typid,sp,nuniq,nfam,,,,,,,,
" akwa ɔ̄li ta pal āꞩ, ",128,0,A,AV,NoPtcl,npst,ind,none,npfv,H,sg,barenp,ref,sp,uniq,nfam,,,,,,,,
"tuwəl Ta PA pı̮ɣe tot ɔli, ",129,0,A,AxV,NoPtcl,npst,ind,none,npfv,H,sg,possnp,ref,sp,uniq,w_brdg,,,,,,,,
TPA luu̯ sist uuli,130,0,A,AxV,NoPtcl,npst,ind,none,npfv,H,sg,barenp,act,sp,uniq,strg,,,,,,,,
 pı̮ɣe ɔ̄s luu̯ sist unli,131,0,A,AxV,NoPtcl,npst,ind,none,npfv,H,sg,possnp,act,sp,uniq,strg,,,,,,,,
 ꞩar kȯt'il't wit χɔ̄n ɔ̄ı̯ka akw pal pɔ̄χèt MSχ ɔ̄s luw sist ūnli tau̯ ,132,0,A,AxV,NoPtcl,npst,ind,none,npfv,H,sg,barenp,ref,sp,uniq,nfam,,,,,,,,
MSχ pı̮ɣe takwi pɔ̄χèt luw sist ūnli,133,0,A,AxV,NoPtcl,npst,ind,none,npfv,H,sg,possnp,ref,sp,uniq,w_brdg,,,,,,,,
 wit χɔ̄n ɔ̄ı̯ka ani kot'il't wit tara nɔ̄ŋχ ti nēı̮ɣlum,134,0,A,AxV,ti,pst,evid,none,npfv,H,sg,barenp,act,sp,uniq,strg,,,,,,,,
 waŋnaɣe ɔ̄s kātaɣe witnəl tūp neı̮ɣlumət,135,0,A,AxV,NoPtcl,pst,evid,none,npfv,I,pl,possnp,ref,sp,uniq,w_brdg,,,,,,,,
 kāt χopı̯aɣe tūp neı̮ɣlamı̮ɣ,136,0,A,AxV,NoPtcl,pst,evid,none,npfv,I,du,possnp,ref,sp,uniq,w_brdg,,,,,,,,
" atit χum ɔ̄s ɔ̄li, ",137,0,A,AxV,NoPtcl,npst,ind,none,npfv,H,sg,barenp,typid,sp,uniq,nfam,,,,,,,,
ꞩaχəl tɔ̄rŭn ɔı̯ka ɔ̄s luu sist ūnli,138,0,A,AxV,NoPtcl,npst,ind,none,npfv,H,sg,barenp,ref,sp,uniq,nfam,,,,,,,,
" ꞨTϽ tuu̯ wārŭm wāramal'e pı̮ɣaɣe alawesı̮ɣ, ",139,X,P,PV,NoPtcl,pst,ind,none,pfv,,,,,,,,H,du,possnp,ref,sp,uniq,w_brdg,
pı̮ɣaɣe kisne maɣəs tan χɔ̄nt wɔ̄wi,140,1,A,APV,NoPtcl,npst,ind,none,npfv,H,sg,pron,act,sp,uniq,strg,I,sg,barenp,typid,nonsp,nuniq,nfam,
 ꞩaχəl tϽ mȯrtim māt ɔ̄li,141,0,A,AxV,NoPtcl,npst,ind,none,npfv,H,sg,barenp,top,sp,uniq,strg,,,,,,,,
 tot nȯwəl matɒs χūl āluŋkwe ı̯ȯχtuŋkwe,142,0,INF-A,VP,NoPtcl,pst,ind,none,npfv,H,sg,zero,top,sp,uniq,strg,,,,,,,,
 tūr tēp āstēp  wārne maɣəs tı̮ɣ ı̯is,143,0,A,V,NoPtcl,pst,ind,none,pfv,H,sg,zero,top,sp,uniq,strg,,,,,,,,
" tı̮ɣl'e āsən ı̯oχtəs, ",144,0,A,V,NoPtcl,pst,ind,none,pfv,H,sg,zero,top,sp,uniq,strg,,,,,,,,
"ta sunsı̮ɣlaste, ",145,1,AP,V,ta,pst,ind,none,npfv,H,sg,zero,top,sp,uniq,strg,,,,,,,,
akw mat sunsi,146,X,A,V,NoPtcl,npst,ind,none,pfv,H,sg,zero,top,sp,uniq,strg,,,,,,,,
" wite l'ul'it χul,",147,,,,NoPtcl,,,none,,,,,,,,,,,,,,,,
 ꞩire sāt χul tot ta ɔ̄li ,148,0,A,AxV,ta,npst,ind,none,npfv,A,pl,barenp,ref,nonsp,nuniq,w_prcp,,,,,,,,
ı̯oli mā at nāŋki,149,0,A,AV,NoPtcl,npst,ind,neg,npfv,I,sg,barenp,ref,sp,uniq,w_glob,,,,,,,,
 akwaı̮ɣ wite ȯsitχul,150,,,,NoPtcl,,,none,,,,,,,,,,,,,,,,
 ta mā χɔntəs ,151,1,A,PV,NoPtcl,pst,ind,none,pfv,H,sg,zero,act,sp,uniq,strg,I,sg,demnp,act,sp,uniq,strg,
ɔ̄s tuu̯ ta ɔ̄lmaı̯ɒs,152,0,A,V,ta,pst,ind,none,pfv,H,sg,zero,top,sp,uniq,strg,,,,,,,,
 saka reɣəŋ tul puwsəŋ χɔ̄tɒl,153,,,,NoPtcl,,,none,,,,,,,,,,,,,,,,
 ꞩaχəl ta χarsatas,154,0,A,AV,ta,pst,ind,none,pfv,If,sg,barenp,typid,sp,nuniq,nfam,,,,,,,,
 χāp witu pats,155,0,A,AV,NoPtcl,pst,ind,none,pfv,I,sg,barenp,ref,sp,uniq,w_brdg,,,,,,,,
 kit χum χāp kiwərt l'ul'eı̮ɣ ꞩaT pı̮ɣaɣe,156,0,A,AxV,NoPtcl,npst,ind,none,npfv,H,du,barenp,ref,sp,uniq,w_brdg,,,,,,,,
 Lawi,157,0,A,V,NoPtcl,npst,ind,none,pfv,H,sg,zero,act,sp,uniq,strg,,,,,,,,
" - nēn am tit tārateɣŭm, wit tarməl, ",158,1,A,PAxV,NoPtcl,fut,ind,none,pfv,1,sg,pron,act,sp,uniq,sap,2,du,pron,act,sp,uniq,sap,
tau̯ χarꞩatame porat W χɔ̄n ɔı̯ke χūntum laste,159,1,AP,AV,NoPtcl,pst,ind,none,pfv,H,sg,barenp,fam,sp,uniq,strg,,,,,,,,
 - Manər tarwitəŋ matər pats? ,160,0,A,AV,NoPtcl,pst,ind,quest,pfv,U,abst,indefp,undef,nonsp,nuniq,nfam,,,,,,,,
"tuwəl āŋkwatɒs, ",161,0,A,V,NoPtcl,pst,ind,none,pfv,H,sg,zero,act,sp,uniq,strg,,,,,,,,
ta kasasalasaɣe ,162,1,AP,V,ta,pst,ind,none,pfv,H,sg,zero,act,sp,uniq,strg,H,du,zero,act,sp,uniq,strg,
χapəŋ χumı̮ɣ kasalasaɣe,163,1,AP,PV,NoPtcl,pst,ind,none,pfv,H,sg,zero,top,sp,uniq,strg,H,du,barenp,top,sp,uniq,strg,
" sunsi,",164,0,A,V,NoPtcl,npst,ind,none,npfv,H,sg,zero,top,sp,uniq,strg,,,,,,,,
 sar manər wareı̮ɣ,165,1,A,PV,NoPtcl,npst,ind,none,npfv,H,du,zero,act,sp,uniq,strg,U,abst,indefp,,,,,
 ań χultne pon ta tarmatwes witta ,166,X,P,PV,ta,pst,ind,none,pfv,,,,,,,,I,sg,barenp,ref,sp,uniq,nfam,
lȯŋχal' ta nata weı̮ɣ,167,0,P,V,ta,npst,ind,none,npfv,,,,,,,,H,du,zero,act,sp,uniq,strg,
 tēnki l'ul'eı̮ɣ,168,0,A,AV,NoPtcl,npst,ind,none,npfv,H,du,pron,top,sp,uniq,strg,,,,,,,,
" akw mat ērt χūntleı̮ɣ, ",169,0,A,V,NoPtcl,npst,ind,none,pfv,H,du,zero,top,sp,uniq,strg,,,,,,,,
χul ta ꞩaltme suiti,170,0,A,AV,ta,npst,ind,none,pfv,I,sg,possnp,ref,sp,nuniq,nfam,,,,,,,,
" nɔ̄ŋχ alməstèn, ",171,1,AP,V,NoPtcl,pst,ind,none,pfv,H,du,zero,act,sp,uniq,strg,I,sg,zero,ref,sp,nuniq,w_prcp,
"χāpen pinsanen, χūlanèn",172,1,AP,VP,NoPtcl,pst,ind,none,pfv,H,du,zero,act,sp,uniq,strg,A,pl,dpossnp,act,sp,uniq,strg,
 tuwəl Wχ ɔı̯ka pı̮ɣaɣe nupəl lāwi - ,173,0,A,AxV,NoPtcl,npst,ind,none,pfv,H,sg,barenp,act,sp,uniq,strg,,,,,,,,
" Minēn,",174,0,A,V,NoPtcl,fut,imp,none,pfv,2,du,zero,act,sp,uniq,sap,,,,,,,,
 puweɣēn,175,1,AP,V,NoPtcl,fut,imp,none,pfv,2,du,zero,act,sp,uniq,sap,H,du,zero,act,sp,uniq,strg,
 χāpəŋ taɣəl puweɣēn,176,1,AP,V,NoPtcl,fut,imp,none,pfv,2,du,zero,act,sp,uniq,sap,H,du,zero,act,sp,uniq,strg,
 kit χum minası̮ɣ,177,0,A,AV,NoPtcl,pst,ind,none,pfv,H,du,zero,act,sp,uniq,strg,,,,,,,,
" tuw ı̯oχ təı̮ɣ, ",178,0,A,V,NoPtcl,npst,ind,none,pfv,H,du,zero,act,sp,uniq,strg,,,,,,,,
χap ta puwɔstèn,179,1,AP,PV,ta,pst,ind,none,pfv,H,du,zero,act,sp,uniq,strg,I,sg,barenp,act,sp,uniq,strg,
 χomi ta rau̯tsastèn,180,1,AP,V,ta,pst,ind,none,pfv,H,du,zero,act,sp,uniq,strg,I,sg,zero,act,sp,uniq,strg,
 χumı̮ɣ ta puwwesı̮ɣ,181,X,P,PV,ta,pst,ind,none,pfv,,,,,,,,H,du,barenp,act,sp,uniq,strg,
 ta porat STϽ numən ı̯olal' sunsi,182,X,A,AxV,NoPtcl,npst,ind,none,npfv,H,sg,barenp,fam,sp,uniq,strg,,,,,,,,
" pı̮ɣaɣe kit χumn ta puwwesı̮ɣ, ",183,1,P,PAV,ta,pst,ind,none,pfv,H,du,barenp,act,sp,uniq,strg,H,du,possnp,act,sp,uniq,strg,
χomi soswesı̮ɣ,184,X,P,V,NoPtcl,pst,ind,none,pfv,,,,,,,,H,du,zero,act,sp,uniq,strg,
" ta kos χārꞩatɒs, ",185,0,A,V,ta+,pst,ind,none,npfv,H,sg,zero,act,sp,uniq,strg,,,,,,,,
ta kos χārꞩatɒs,186,0,A,V,ta+,pst,ind,none,npfv,H,sg,zero,top,sp,uniq,strg,,,,,,,,
 manare wiɣ! ,187,1,A,PV,NoPtcl,fut,ind,quest,pfv,H,sg,zero,top,sp,uniq,strg,U,abst,indefp,undef,nonsp,nuniq,nfam,
wiŋkwe at ta werməsaɣe,188,1,INF-AP,PV,ta,pst,ind,neg,npfv,H,sg,zero,top,sp,uniq,strg,H,du,zero,act,sp,uniq,strg,
 ı̯olu sunsi – ūs,189,0,A,V,NoPtcl,npst,ind,none,npfv,H,sg,zero,top,sp,uniq,strg,,,,,,,,
" ı̯ola totwesı̮ɣ, ūsən, ",190,X,P,V,NoPtcl,pst,ind,none,pfv,,,,,,,,H,du,zero,act,sp,uniq,strg,
"laɣlanēn neı̮ɣwesət, ",191,X,P,PV,NoPtcl,pst,ind,none,pfv,,,,,,,,I,pl,possnp,top,sp,uniq,strg,
kātanèn neı̮ɣwesət,192,X,P,PV,NoPtcl,pst,ind,none,pfv,,,,,,,,I,pl,possnp,top,sp,uniq,strg,
 kēr kwalɣəl nēı̮ɣwesət,193,X,P,V,NoPtcl,pst,ind,none,pfv,,,,,,,,I,pl,zero,top,sp,uniq,strg,
 kēr sirn aluŋkwe ta taɣatawesı̮ɣ,194,X,INF-P,PV,ta,pst,ind,none,pfv,,,,,,,,H,du,zero,top,sp,uniq,strg,
" piɣaɣe, sunsi",195,X,A,V,NoPtcl,npst,ind,none,npfv,H,sg,zero,act,sp,uniq,strg,,,,,,,,
" ta alwesı̮ɣ, ",196,X,P,PV,ta,pst,ind,none,pfv,,,,,,,,H,du,possnp,top,sp,uniq,strg,
ker sirna taɣatawesı̮ɣ,197,X,P,V,NoPtcl,pst,ind,none,pfv,,,,,,,,H,du,zero,top,sp,uniq,strg,
 tau̯ ta rɔχtəs,198,0,A,AV,ta,pst,ind,none,pfv,H,sg,pron,act,sp,uniq,strg,,,,,,,,
" - am χum wāreɣŭm, wası̮ɣ ı̯ɔ̄r ta! ",199,X,A,AxV,NoPtcl,fur,ind,none,pfv,1,sg,pron,top,sp,uniq,sap,,,,,,,,
 Ta PϽ palt ta minas,200,0,A,V,ta,pst,ind,none,pfv,H,sg,zero,top,sp,uniq,strg,,,,,,,,
" «tau̯ l'apat ɔ̄li, ",201,0,A,AxV,NoPtcl,npst,ind,none,npfv,H,sg,pron,act,sp,uniq,strg,,,,,,,,
"wāɣte, tau̯ ań»",202,1,AP,V,NoPtcl,npst,ind,none,npfv,H,sg,zero,top,sp,uniq,strg,,,,,,,,
 tuu̯ ta ı̯oχtı̮ɣpɒs,203,0,A,V,ta,pst,ind,none,pfv,H,sg,zero,act,sp,uniq,strg,,,,,,,,
" ı̯uu̯ saltəs, ",204,0,A,V,NoPtcl,pst,ind,none,pfv,H,sg,zero,top,sp,uniq,strg,,,,,,,,
TPϽ ı̯uu ūnli,205,0,A,AxV,NoPtcl,npst,ind,none,npfv,H,sg,barenp,act,sp,uniq,strg,,,,,,,,
 kitəɣlaŋkwe patwes,206,X,INF-P,PV,NoPtcl,pst,ind,none,pfv,,,,,,,,H,sg,act,top,sp,uniq,strg,
 - ti manrı̮ɣ tı̮ɣ ı̯oχtəsən? ,207,0,A,V,NoPtcl,pst,ind,quest,pfv,2,sg,zero,act,sp,uniq,sap,,,,,,,,
naŋ nēm χuńt at ı̯olantasən ,208,0,A,AxV,NoPtcl,pst,ind,neg,npfv,2,sg,pron,top,sp,uniq,sap,,,,,,,,
tı̮ɣ at ı̯oχtalas ,209,0,A,V,NoPtcl,pst,ind,neg,npfv,2,sg,zero,top,sp,uniq,sap,,,,,,,,
manurəl ı̯oχtəsən - ,210,0,A,V,NoPtcl,pst,ind,quest,pfv,2,sg,zero,top,sp,uniq,sap,,,,,,,,
"am, lāwi,",211,0,A,V,NoPtcl,npst,ind,none,pfv,H,sg,zero,act,sp,uniq,strg,,,,,,,,
" perı̯im wit χul tit ɔ̄li, ",212,0,A,AxV,NoPtcl,npst,ind,none,npfv,A,mass,barenp,typid,sp,nuniq,nfam,,,,,,,,
χūl alne māɣəs ı̯isŭm! - ,213,0,A,V,NoPtcl,pst,ind,none,pfv,1,sg,zero,act,sp,uniq,sap,,,,,,,,
χūl alasən? - āti,214,1,A,PV,NoPtcl,pst,ind,quest,pfv,2,sg,zero,act,sp,uniq,sap,A,mass,barenp,typid,nonsp,nuniq,nfam,
" pı̮ɣaɣŭm ań mūnt ı̯ola taratasum, χūl aluŋkwe",215,1,A,PxV,NoPtcl,pst,ind,none,pfv,1,sg,zero,act,sp,uniq,sap,H,du,possnp,fam,sp,uniq,strg,
 - aleı̮ɣ - a? - ,216,X,A,V,NoPtcl,npst,ind,quest,pfv,H,du,zero,act,sp,uniq,strg,,,,,,,,
manaren aleı̮ɣ! ,217,X,A,V,NoPtcl,npst,ind,quest,pfv,H,du,zero,act,sp,uniq,strg,,,,,,,,
kit χumn ı̯oχtuwesı̮ɣ,218,X,P,AV,NoPtcl,pst,ind,none,pfv,H,du,barenp,act,sp,uniq,strg,H,du,zero,typid,sp,nuniq,nfam,
 ta puwumtawèsı̮ɣ,219,X,P,V,ta,pst,ind,none,pfv,,,,,,,,H,du,zero,act,sp,uniq,strg,
 χapèn χomi pērmtawes,220,X,P,PxV,NoPtcl,pst,ind,none,pfv,,,,,,,,I,sg,possnp,ref,sp,uniq,w_brdg,
" tēnki ı̯ol puwwesı̮ɣ, ",221,X,P,PV,NoPtcl,pst,ind,none,pfv,,,,,,,,H,du,pron,act,sp,uniq,strg,
"wit kiwər ūsən totwesı̮ɣ,",222,X,P,V,NoPtcl,pst,ind,none,pfv,,,,,,,,H,du,zero,act,sp,uniq,strg,
 tot alwèsı̮ɣ -,223,X,P,V,NoPtcl,pst,ind,none,pfv,,,,,,,,H,du,zero,act,sp,uniq,strg,
" ı̯a, ta, lāwi, naŋ kitı̮ɣlasən? ",224,1,AP,AV,NoPtcl,pst,ind,quest,pfv,2,sg,pron,act,sp,uniq,sap,1,sg,zero,act,sp,uniq,sap,
wit χϽ tot ɔ̄li,225,0,A,AxV,NoPtcl,npst,ind,none,npfv,H,sg,barenp,fam,sp,uniq,strg,,,,,,,,
 ūsəŋ tāɣəl ta ɔ̄li,226,0,A,V,ta,npst,ind,none,npfv,H,sg,zero,act,sp,uniq,strg,,,,,,,,
" - am at wāɣlum, ",227,1,AP,AV,NoPtcl,npst,ind,neg,npfv,1,sg,pron,act,sp,uniq,sap,,,,,,,,
manurəl kitı̮ɣleɣŭm ,228,X,A,V,NoPtcl,npst,ind,none,npfv,1,sg,zero,top,sp,uniq,sap,,,,,,,,
am naŋən wowuŋkwe ı̯oχtəsŭm,229,0,INF-A,APV,NoPtcl,pst,ind,none,pfv,1,sg,pron,top,sp,uniq,sap,,,,,,,,
" naŋ ı̯alnuwən - ke, ",230,0,A,AV,NoPtcl,fut,irr,none,pfv,2,sg,pron,act,sp,uniq,sap,,,,,,,,
naŋən woweɣum,231,1,A,PV,NoPtcl,npst,ind,none,pfv,1,sg,zero,top,sp,uniq,sap,2,sg,pron,act,sp,uniq,sap,
" TPϽ puŋke ı̯olanūw̭ moꞩ ɔ́ńsaste, ",232,1,AP,APxV,NoPtcl,pst,ind,none,npfv,H,sg,barenp,fam,sp,uniq,strg,I,sg,possnp,ref,sp,uniq,w_brdg,
tuwəl lāwi - ,233,0,A,V,NoPtcl,npst,ind,none,pfv,H,sg,zero,act,sp,uniq,strg,,,,,,,,
"ı̯aleɣŭm, ",234,0,A,V,NoPtcl,fut,ind,none,pfv,1,sg,zero,top,sp,uniq,sap,,,,,,,,
manrı̮ɣ at' ı̯aleɣŭm,235,0,A,V,NoPtcl,fut,ind,quest/neg,pfv,1,sg,zero,top,sp,uniq,sap,,,,,,,,
 anum wȯwəslən,236,1,AP,PV,NoPtcl,pst,ind,none,pfv,2,sg,zero,act,sp,uniq,sap,1,sg,pron,top,sp,uniq,sap,
 Pı̮ɣe nupəl ta lāws: -,237,0,A,V,ta,pst,ind,none,pfv,H,sg,zero,top,sp,uniq,strg,,,,,,,,
 χɔ̄ntlaχtən luwaɣamèn puweı̮n,238,1,AP,PV,NoPtcl,fut,imp,none,pfv,2,sg,zero,act,sp,uniq,sap,A,du,possnp,ref,sp,uniq,nfam,
 ꞩērmatəs ,239,X,A,V,NoPtcl,pst,ind,none,pfv,H,sg,zero,act,sp,uniq,strg,,,,,,,,
"ꞩērmattein, ",240,1,AP,V,NoPtcl,fut,imp,none,pfv,2,sg,zero,act,sp,uniq,sap,A,du,zero,act,sp,uniq,strg,
seltan nen tuw pinen,241,1,A,PV,NoPtcl,fut,imp,none,pfv,2,sg,zero,act,sp,uniq,sap,I,pl,possnp,ref,sp,uniq,w_brdg,
 tuwəl ꞩermattas aɣe ,242,1,AP,V,NoPtcl,pst,ind,none,pfv,H,sg,zero,act,sp,uniq,strg,A,du,zero,act,sp,uniq,strg,
"ꞩetlonèn tus pinɒs, ",243,1,A,PV,NoPtcl,pst,ind,none,pfv,H,sg,zero,top,sp,uniq,strg,I,pl,possnp,act,sp,uniq,strg,
aꞩu palt ı̯uu̯ ꞩaltəs,244,0,A,V,NoPtcl,pst,ind,none,pfv,H,sg,zero,top,sp,uniq,strg,,,,,,,,
 ı̯uu̯ ꞩaltwe āꞩe masχatum,245,0,A,AV,NoPtcl,pst,evid,none,pfv,H,sg,possnp,act,sp,uniq,strg,,,,,,,,
 - luwaɣamèn astsı̮ɣ! ,246,0,A,AV,NoPtcl,pst,ind,none,pfv,A,du,possnp,act,sp,uniq,strg,,,,,,,,
"kon kwalsət,",247,0,A,V,NoPtcl,pst,ind,none,pfv,H,pl,zero,act,sp,uniq,strg,,,,,,,,
 luw sisən ta tālsət ,248,0,A,V,ta,pst,ind,none,pfv,H,pl,zero,top,sp,uniq,strg,,,,,,,,
ta minasət,249,0,A,V,ta,pst,ind,none,pfv,H,pl,zero,top,sp,uniq,strg,,,,,,,,
" minūŋkwe patsət, ",250,0,INF-A,PV,NoPtcl,pst,ind,none,pfv,H,pl,zero,top,sp,uniq,strg,,,,,,,,
TPϽ lāwi - ,251,0,A,AV,NoPtcl,npst,ind,none,pfv,H,sg,barenp,act,sp,uniq,strg,,,,,,,,
"MSχ palt χoı̯iɣlèw, ",252,0,A,V,NoPtcl,fut,hort,none,pfv,1,pl,zero,act,sp,uniq,sap,,,,,,,,
tuwəl tāra = minēw,253,0,A,V,NoPtcl,fut,hort,none,pfv,1,pl,zero,top,sp,uniq,sap,,,,,,,,
" - minasət,",254,0,A,V,NoPtcl,pst,ind,none,pfv,H,pl,zero,top,sp,uniq,strg,,,,,,,,
 tuwəl ta ı̯oχtesət,255,0,A,V,ta,pst,ind,none,pfv,H,pl,zero,top,sp,uniq,strg,,,,,,,,
" - Mēn, TPϽ lāwi, ",256,0,A,AV,NoPtcl,npst,ind,none,pfv,H,sg,barenp,act,sp,uniq,strg,,,,,,,,
"luw sist ūnlimèn, ",257,0,A,AxV,NoPtcl,fut,ind,none,npfv,1,du,pron,act,sp,uniq,sap,,,,,,,,
"naŋ ı̯uu̯ ꞩaltsen, ",258,0,A,AV,NoPtcl,fut,imp,none,pfv,2,sg,pron,act,sp,uniq,sap,,,,,,,,
MSχ woweln,259,1,AP,PV,NoPtcl,fut,imp,none,pfv,2,sg,zero,top,sp,uniq,sap,H,sg,barenp,act,sp,uniq,strg,
 ꞩT ı̯uu̯ saltəs,260,0,A,AV,NoPtcl,pst,ind,none,pfv,H,sg,barenp,act,sp,uniq,strg,,,,,,,,
" - ta, MSϽ lāwi, ",261,0,A,AV,NoPtcl,npst,ind,none,pfv,H,sg,barenp,act,sp,uniq,strg,,,,,,,,
naŋ manurəl tı̮ɣ ı̯oχ təsəsn? - ,262,0,A,AxV,NoPtcl,pst,ind,quest,pfv,2,sg,pron,act,sp,uniq,sap,,,,,,,,
"am, lāwi,",263,0,A,V,NoPtcl,npst,ind,none,pfv,H,sg,zero,act,sp,uniq,strg,,,,,,,,
 ań wit χul alne māɣəs ı̯oχtəsŭm - ,264,0,A,AxV,NoPtcl,pst,ind,none,pfv,1,sg,pron,act,sp,uniq,sap,,,,,,,,
alasən? - ,265,X,A,V,NoPtcl,pst,ind,quest,pfv,2,sg,zero,act,sp,uniq,sap,,,,,,,,
manarŭm alilum! ,266,1,AP,V,NoPtcl,npst,ind,quest,npfv,1,sg,zero,act,sp,uniq,sap,U,abst,indefp,undef,nonsp,nuniq,nfam,
pı̮ɣaɣŭm alwesı̮ɣ! ,267,X,P,PV,NoPtcl,pst,ind,none,pfv,,,,,,,,H,du,possnp,fam,sp,uniq,strg,
am naŋəŋ ı̯ot wowilŭm,268,1,AP,APV,NoPtcl,npst,ind,none,pfv,1,sg,pron,act,sp,uniq,sap,2,sg,pron,act,sp,uniq,sap,
 ı̯alnuwən ke,269,0,A,V,NoPtcl,fut,irr,none,pfv,2,sg,zero,top,sp,uniq,sap,,,,,,,,
" - wowχatsən, ",270,0,A,V,NoPtcl,pst,ind,none,pfv,2,sg,zero,act,sp,uniq,sap,,,,,,,,
" at χuń ı̯aleɣŭm,",271,0,A,V,NoPtcl,fut,ind,quest,pfv,1,sg,zero,act,sp,uniq,sap,,,,,,,,
 ı̯aleɣŭm,272,0,A,V,NoPtcl,fut,ind,none,pfv,1,sg,zero,top,sp,uniq,sap,,,,,,,,
 pı̮ɣe nupəl l’awi - ,273,0,A,V,NoPtcl,npst,ind,none,pfv,H,sg,zero,act,sp,uniq,strg,,,,,,,,
"ı̯alen, ",274,0,A,V,NoPtcl,fut,imp,none,pfv,2,sg,zero,act,sp,uniq,sap,,,,,,,,
"kon kwalen, ",275,0,A,V,NoPtcl,fut,imp,none,pfv,2,sg,zero,top,sp,uniq,sap,,,,,,,,
χɔ̄ntlaχtən lawaɣamèn pawern,276,1,AP,PV,NoPtcl,fut,imp,none,pfv,2,sg,zero,top,sp,uniq,sap,A,du,possnp,ref,sp,uniq,nfam,
" pı̮ɣe kon kwals,",277,0,A,AV,NoPtcl,pst,ind,none,pfv,H,sg,possnp,act,sp,uniq,strg,,,,,,,,
 taı̯aɣe puwsaɣe,278,1,AP,PV,NoPtcl,pst,ind,none,pfv,H,sg,zero,top,sp,uniq,strg,A,du,demp,act,sp,uniq,strg,
" ꞩermattasaɣe, ",279,1,AP,V,NoPtcl,pst,ind,none,pfv,H,sg,zero,top,sp,uniq,strg,A,du,zero,act,sp,uniq,strg,
ꞩetlanèn pinɒs,280,1,A,PV,NoPtcl,pst,ind,none,pfv,H,sg,zero,act,sp,uniq,strg,I,pl,possnp,typid,sp,nuniq,nfam,
" ı̯uu̯ ꞩaltəs,",281,0,A,V,NoPtcl,pst,ind,none,pfv,H,sg,zero,top,sp,uniq,strg,,,,,,,,
 āse masχatɒm,282,0,A,AV,NoPtcl,pst,evid,none,pfv,H,sg,possnp,act,sp,uniq,strg,,,,,,,,
 āꞩe nupəl lāwi - ,283,0,A,V,NoPtcl,npst,ind,none,pfv,H,sg,zero,act,sp,uniq,strg,,,,,,,,
"luwaɣamèn ꞩermattasaɣum, ",284,1,AP,PV,NoPtcl,pst,ind,none,pfv,1,sg,zero,act,sp,uniq,sap,A,du,possnp,act,sp,uniq,strg,
ꞩetla taɣum,285,1,AP,V,NoPtcl,pst,ind,none,pfv,1,sg,zero,top,sp,uniq,sap,A,du,zero,top,sp,uniq,strg,
 minne māɣəs kon ta kwalsət,286,0,A,V,ta,pst,ind,none,pfv,H,pl,zero,act,sp,uniq,strg,,,,,,,,
 luwe sisən ta tulsət,287,0,A,V,ta,pst,ind,none,pfv,H,pl,zero,top,sp,uniq,strg,,,,,,,,
 at luwəŋ χum akw ı̯ot ta mineɣt ,288,0,A,AxV,ta,npst,ind,none,npfv,H,pl,barenp,act,sp,uniq,strg,,,,,,,,
akw matērt WχϽ ı̯un ɔ̄li,289,0,A,AxV,NoPtcl,npst,ind,none,npfv,H,sg,barenp,fam,sp,uniq,strg,,,,,,,,
 kōle ńūu̯ saŋkwe ta pats,290,0,INF-A,APV,ta,pst,ind,none,pfv,I,sg,possnp,ref,sp,uniq,w_brdg,,,,,,,,
 kȯle tı̮ɣl'e - tuwl'e nas nūu̯si,291,0,A,AxV,NoPtcl,npst,ind,none,npfv,I,sg,possnp,act,sp,uniq,strg,,,,,,,,
" kon aŋkwatɒ, ",292,0,A,V,NoPtcl,pst,ind,none,pfv,H,sg,zero,act,sp,uniq,strg,,,,,,,,
nas āt'i χɔ̄nt ta ı̯uw,293,0,A,AV,ta,npst,ind,none,npfv,I,sg,barenp,ref,sp,uniq,nfam,,,,,,,,
 at luwəŋ χum,294,,,,NoPtcl,,,none,,,,,,,,,,,,,,,,
" tan ı̯inènəl ta tarwit ta, ūse akwaı̮ɣ aln sakwali! ",295,0,A,AxV,NoPtcl,npst,ind,none,pfv,I,sg,possnp,ref,sp,uniq,w_prcp,,,,,,,,
"tuwəl wit num paln ta neı̮ɣlapɒs,",296,0,A,V,ta,pst,ind,none,pfv,H,sg,zero,act,sp,uniq,strg,,,,,,,,
 l'al't ta pȯı̯ki,297,0,A,V,ta,npst,ind,none,npfv,H,sg,zero,top,sp,uniq,strg,,,,,,,,
 kon kwalme pȯrat WχϽ sāt pı̮ɣ sāt ɔ̄tər nupəl lāwi - ,298,0,A,AxV,NoPtcl,npst,ind,none,pfv,H,sg,barenp,top,sp,uniq,strg,,,,,,,,
"nan tɔ̄rum nupəl lāwen, ",299,0,A,AxV,NoPtcl,fut,imp,none,pfv,2,pl,pron,act,sp,uniq,sap,,,,,,,,
pȯı̯kꞩen,300,0,A,V,NoPtcl,fut,imp,none,npfv,2,pl,zero,top,sp,uniq,sap,,,,,,,,
sāt pȯrı̮ɣ tur nōŋχ taktalen,301,1,A,PV,NoPtcl,fut,imp,none,pfv,2,pl,zero,top,sp,uniq,sap,I,pl,barenp,ref,sp,uniq,nfam,
 ti χɔ̄tɒl mus ta ɔ̄lsŭw! ,302,0,A,V,ta,pst,ind,none,pfv,1,pl,zero,act,sp,uniq,sap,,,,,,,,
wit χ ūsuw ti χɔ̄tɒs wońsalı̮ɣ ta totawè! ,303,X,P,PxV,ta,fut,ind,none,pfv,,,,,,,,I,sg,possnp,act,sp,uniq,strg,
χɔ̄nt ta ı̯uu̯,304,0,A,AV,ta,npst,ind,none,npfv,I,sg,barenp,act,sp,uniq,strg,,,,,,,,
" am tan l'al'tanəl pȯı̯keɣŭm, ",305,0,A,AxV,NoPtcl,fut,ind,none,npfv,1,sg,pron,act,sp,uniq,sap,,,,,,,,
nan tɔ̄rum l'al't pȯı̯ken,306,0,A,AxV,NoPtcl,fut,imp,none,npfv,2,pl,pron,act,sp,uniq,sap,,,,,,,,
" takwi kȯn neı̮ɣlapas, ",307,0,A,AV,NoPtcl,pst,ind,none,pfv,H,sg,pron,act,sp,uniq,strg,,,,,,,,
"wit num paln ta  nɔ̄ŋχ ta neı̮ɣlɒs, ",308,0,A,V,ta,pst,ind,none,pfv,H,sg,zero,top,sp,uniq,strg,,,,,,,,
tan l'al'tanəl ta pȯı̯ki,309,0,A,V,ta,npst,ind,none,npfv,H,sg,zero,top,sp,uniq,strg,,,,,,,,
" kāеaɣe l'al't takamaɣe, ",310,1,AP,PxV,NoPtcl,pst,evid,none,pfv,H,sg,zero,top,sp,uniq,strg,I,du,possnp,ref,sp,uniq,nfam,
sȯpe palı̮ɣ rāɣatum,311,0,A,AV,NoPtcl,pst,evid,none,pfv,I,sg,possnp,top,sp,uniq,strg,,,,,,,,
 ta kēməl ta rɔ̄χtəs,312,0,A,V,ta,pst,ind,none,pfv,H,sg,zero,top,sp,uniq,strg,,,,,,,,
 tan tuwəl ta sȯı̯məsət,313,0,A,AxV,ta,pst,ind,none,pfv,H,pl,pron,act,sp,uniq,strg,,,,,,,,
 tɔ̄rumn χɔ̄ntlaχtŭŋkwe ɔs at taratawet,314,1,INF-P,APxV,NoPtcl,npst,ind,neg,npfv,H,sg,barenp,act,sp,uniq,strg,H,pl,zero,act,sp,uniq,strg,
" ta poı̯tsət, ",315,0,A,V,ta,pst,ind,none,pfv,H,pl,zero,top,sp,uniq,strg,,,,,,,,
 ta sȯı̯məst ,316,0,A,V,ta,pst,ind,none,pfv,H,pl,zero,top,sp,uniq,strg,,,,,,,,
wit χɔ alne māɣəs minasət kos,317,0,A,V,NoPtcl,pst,ind,none,pfv,H,pl,zero,top,sp,uniq,strg,,,,,,,,
 TPϽ lāwi -,318,0,A,AV,NoPtcl,npst,ind,none,pfv,H,sg,barenp,act,sp,uniq,strg,,,,,,,,
" Wχ matər wārs, ",319,1,A,APV,NoPtcl,pst,ind,none,pfv,H,sg,barenp,act,sp,uniq,strg,U,abst,indefp,undef,nonsp,nuniq,nfam,
ta wārs,320,X,A,V,ta,pst,ind,none,pfv,H,sg,zero,top,sp,uniq,strg,,,,,,,,
" ań naŋ; ꞩT nunəl lāwi, ",321,0,A,V,NoPtcl,npst,ind,none,pfv,H,sg,zero,act,sp,uniq,strg,,,,,,,,
wońsaln at mineɣən,322,0,A,AxV,NoPtcl,fut,ind,neg,pfv,2,sg,pron,act,sp,uniq,sap,,,,,,,,
 mana sāwit wērmeɣən ,323,1,A,PV,NoPtcl,fut,ind,none,npfv,2,sg,zero,top,sp,uniq,sap,U,abst,barenp,ref,sp,nuniq,nfam,
χūl alen ,324,1,A,PV,NoPtcl,fut,imp,none,pfv,2,sg,zero,top,sp,uniq,sap,A,mass,barenp,typid,nonsp,nuniq,nfam,
mana kem aleɣən ,325,1,A,PV,NoPtcl,fut,ind,none,pfv,2,sg,zero,top,sp,uniq,sap,U,abst,indefp,ref,sp,nuniq,nfam,
naŋ ki mān toten,326,X,A,V,NoPtcl,fut,imp,none,pfv,2,sg,zero,top,sp,uniq,sap,,,,,,,,
 Nila luwəŋ χum ań ı̯uu̯ ta minasət,327,0,A,AxV,ta,pst,ind,none,pfv,H,pl,barenp,act,sp,uniq,strg,,,,,,,,
 χolitan ꞩT an witχulaluŋkwe ta pats,328,0,INF-A,AxPV,ta,pst,ind,none,pfv,H,sg,barenp,act,sp,uniq,strg,,,,,,,,
 ań mana kēm nȯmte pati ,329,0,A,AxV,NoPtcl,npst,ind,none,npfv,U,abst,indefp,undef,nonsp,nuniq,nfam,,,,,,,,
witχul ta ali,330,1,A,PV,ta,npst,ind,none,npfv,H,sg,zero,act,sp,uniq,strg,A,mass,barenp,ref,nonsp,nuniq,strg,
 pı̮ɣaɣe alwesı̮ɣ ,331,X,P,PV,NoPtcl,pst,ind,none,pfv,,,,,,,,H,du,possnp,fam,sp,uniq,strg,
ta māɣəs wit χull ta lawwes!,332,X,P,V,ta,pst,ind,none,pfv,,,,,,,,H,sg,zero,ref,nonsp,nuniq,strg,
 WχϽ lawi - ,333,0,A,AV,NoPtcl,npst,ind,none,pfv,H,sg,barenp,act,sp,uniq,strg,,,,,,,,
an kasəŋ tuw tı̮ɣ ı̯oχten,334,0,A,V,NoPtcl,fut,imp,none,npfv,2,sg,zero,act,sp,uniq,sap,,,,,,,,
 wası̮ɣ at kantmalteɣt,335,0,A,V,NoPtcl,npst,ind,neg,npfv,H,pl,zero,act,sp,uniq,strg,,,,,,,,
 ań ta ɔleɣt,336,0,A,V,ta,npst,ind,none,npfv,H,pl,zero,top,sp,uniq,strg,,,,,,,,
" ńaı̮t āɣi kaı̯s, ",337,0,A,AV,NoPtcl,pst,ind,none,pfv,H,sg,barenp,fam,sp,uniq,strg,,,,,,,,
te lāwi -,338,0,A,V,ta,npst,ind,none,pfv,H,sg,zero,top,sp,uniq,strg,,,,,,,,
" ti sat kȯln ı̯uu̯ tulı̮ɣlawes, ",339,X,P,V,NoPtcl,pst,ind,none,pfv,,,,,,,,I,sg,zero,fam,sp,uniq,strg,
tuwəl sāt ēlŭmχolɒs sorumpats,340,0,A,AV,NoPtcl,pst,ind,none,pfv,H,pl,barenp,fam,sp,uniq,strg,,,,,,,,
 manrı̮ɣ ı̯uu̯ tuləslən,341,1,AP,V,NoPtcl,pst,ind,quest,pfv,2,sg,zero,act,sp,uniq,sap,I,sg,zero,act,sp,uniq,strg,
 ta χāl'n tuu̯ wos nēɣuŋkwe,342,X,V,V,NoPtcl,fut,opt,none,,,,,,,,,,,,,,,,
 ı̯orn āɣi ɔs kaı̯is,343,0,A,AxV,NoPtcl,pst,ind,none,pfv,H,sg,barenp,act,sp,uniq,strg,,,,,,,,
 tuwəl lāwi - ,344,0,A,V,NoPtcl,npst,ind,none,pfv,H,sg,zero,top,sp,uniq,strg,,,,,,,,
"ti χɔtal tit ti ɔ̄li, ",345,0,A,V,ti,npst,ind,none,npfv,I,sg,zero,act,sp,uniq,strg,,,,,,,,
"χāl'èt χolit kit χum pērı̯en, ",346,1,A,PV,NoPtcl,fut,imp,none,,2,pl,zero,act,sp,uniq,sap,H,du,barenp,typid,sp,nuniq,nfam,
"ꞩōpiten, pȯtwataı̮ɣ ı̯aluŋkwe",347,0,INF-A,VP,NoPtcl,fut,imp,none,,2,pl,zero,top,sp,uniq,sap,,,,,,,,
 χolitan ti ȯln āni ı̯aŋk nēnsatə sɔ̄wəl perı̮ɣteln,348,1,AP,PxV,NoPtcl,fut,imp,none,,2,pl,zero,top,sp,uniq,sap,I,sg,demnp,act,sp,uniq,strg,
 lap nēɣelen ,349,1,AP,V,NoPtcl,fut,imp,none,,2,pl,zero,top,sp,uniq,sap,I,sg,zero,act,sp,uniq,strg,
wos totitēn,350,1,AP,V,NoPtcl,fut,opt,none,,H,du,zero,act,sp,uniq,strg,I,sg,zero,act,sp,uniq,strg,
 tāɣtn wos totawe,351,X,P,V,NoPtcl,fut,opt,none,,,,,,,,,I,sg,zero,act,sp,uniq,strg,
" ali ńallaŋt nȯrkȯləŋ χum lāu̯ltawe,",352,0,P,PV,NoPtcl,npst,ind,none,npfv,,,,,,,,H,sg,barenp,typid,sp,uniq,nfam,
 tuu̯ mus χāpəl wos totawe,353,X,P,V,NoPtcl,fut,opt,none,,,,,,,,,I,sg,zero,act,sp,uniq,strg,
" tuu̯ ı̯oχti, ",354,0,A,V,NoPtcl,fut,ind,none,pfv,H,sg,zero,act,sp,uniq,strg,,,,,,,,
ta χum tuu̯ ta wı̮ɣte,355,1,AP,AV,ta,fut,ind,none,pfv,H,sg,demnp,act,sp,uniq,strg,I,sg,zero,act,sp,uniq,strg,
 ɔ̄ꞩne māte tā,356,,,,NoPtcl,,,none,,,,,,,,,,,,,,,,
" ńaı̯t āɣi toχ ta kaı̯a:slɒs, ",357,0,A,AxV,ta,pst,ind,none,pfv,H,sg,barenp,act,sp,uniq,strg,,,,,,,,
ańɔ̄ꞩne maté ta χɔ̄ntɒste,358,1,AP,PV,ta,pst,ind,none,pfv,H,sg,zero,act,sp,uniq,strg,I,sg,possnp,ref,sp,uniq,w_cont,
 ńaı̯tən ta χɔ̄ntwes,359,1,P,AV,ta,pst,ind,none,pfv,H,sg,barenp,act,sp,uniq,strg,I,sg,zero,ref,sp,uniq,w_cont,
" Nȯrkȯləŋ χum palt totwes,",360,X,P,V,NoPtcl,pst,ind,none,pfv,,,,,,,,I,sg,zero,act,sp,uniq,strg,
 ı̯aŋk sāli sɔ̄wəŋ tāɣəl ta wiste ,361,1,AP,V,ta,pst,ind,none,pfv,H,sg,zero,act,sp,uniq,strg,I,sg,zero,act,sp,uniq,strg,
potwatal toχ ta totwes,362,X,P,V,ta,pst,ind,none,pfv,,,,,,,,I,sg,zero,act,sp,uniq,strg,
 nēm χoti pāŭlt toχ at lāweɣt ,363,0,A,V,NoPtcl,npst,ind,neg,npfv,H,pl,zero,typid,nonsp,nuniq,nfam,,,,,,,,
“am at mineɣum”,364,0,A,AV,NoPtcl,npst,ind,neg,pfv,,,,,,,,,,,,,,,
 kos χoti pāŭln ı̯oχteɣt ,365,0,A,V,NoPtcl,npst,ind,none,npfv,H,pl,zero,typid,nonsp,nuniq,nfam,,,,,,,,
mot kit χum ēla ta tȯteı̮ɣ,366,X,A,AV,ta,npst,ind,none,npfv,H,du,barenp,typid,nonsp,nuniq,nfam,,,,,,,,
" an nȯrkȯləŋ χum ta wis, ",367,X,A,AV,ta,pst,ind,none,pfv,H,sg,barenp,act,sp,uniq,strg,,,,,,,,
sɔ̄təŋı̮ɣ ta ı̯ēmtəs,368,0,A,V,ta,pst,ind,none,pfv,H,sg,zero,act,sp,uniq,strg,,,,,,,,
 ań ali noltaŋ pāŭlt ta ɔ̄ńꞩawe,369,X,P,V,ta,npst,ind,none,npfv,,,,,,,,I,sg,zero,act,sp,uniq,strg,
 ńara ı̯uwan ɔı̯ke ali ńaltɒŋ pāu̯l,370,,,,,,,,,,,,,,,,,,,,,,,